LGA_CODE16,CHD,Cereb,COPD,Heart,CA,AC
10050,57.927406,43.091965,31.038332,18.355185,12.282749,611.35013
10130,64.724678,42.039169,24.877596,16.395278,NA,560.41035
10250,56.371613,40.963952,19.559333,10.678369,9.4881262,518.49406
10300,NA,NA,NA,NA,NA,630.65579
10470,54.892999,40.528713,32.428375,14.316691,9.3445649,588.06196
10550,65.62465,38.056928,30.100441,11.703801,9.0219014,605.11502
10600,45.168053,29.219107,38.633605,NA,NA,593.09085
10650,68.843301,36.917574,NA,29.267616,NA,562.95756
10750,66.991656,33.936122,29.271099,10.791298,NA,570.15416
10800,71.84215,NA,NA,NA,NA,592.73965
10850,50.571252,NA,44.748942,NA,NA,572.62578
10900,72.771157,39.232818,25.693736,10.325283,7.5371699,546.82929
10950,NA,NA,NA,NA,NA,802.31452
11100,NA,NA,NA,NA,NA,NA
11150,NA,NA,NA,NA,NA,878.99878
11200,NA,NA,NA,NA,NA,874.07662
11250,69.864754,38.168924,42.259552,NA,10.771041,730.07766
11300,43.459029,34.990717,11.767485,7.6462618,NA,433.79493
11350,50.666563,36.928798,27.279215,10.080368,NA,535.60081
11400,61.768975,26.236406,39.607834,NA,NA,544.43994
11450,59.603631,38.444945,25.610385,14.137426,8.8838939,555.83905
11500,78.123114,33.307311,35.806964,14.06226,10.701567,620.4701
11520,36.51545,27.387545,13.076746,8.0238791,4.9465107,396.67836
11570,51.803339,29.301484,20.594469,11.788059,7.1087364,493.2103
11600,NA,NA,NA,NA,NA,577.26674
11650,59.694875,37.049068,35.460497,12.087309,8.142712,589.0235
11700,NA,NA,NA,NA,NA,659.62733
11720,86.518743,34.441135,35.505188,14.02667,11.725197,698.02855
11730,78.076889,42.826848,31.805373,12.043329,NA,590.50118
11750,NA,NA,NA,NA,NA,663.75941
11800,53.77318,33.38253,28.42039,14.352838,7.560712,540.07444
12000,NA,NA,NA,NA,NA,545.11276
12150,113.07926,NA,84.132969,NA,NA,788.68138
12350,76.102672,43.560184,57.822149,NA,NA,723.32543
12380,63.742633,32.341165,20.514729,10.196199,7.1356053,529.58434
12700,56.515621,NA,NA,NA,NA,587.23938
12730,72.935362,33.299618,33.41081,18.127294,NA,637.38099
12750,67.092651,39.470386,33.26697,9.441677,9.5707826,617.41011
12850,55.727209,38.810952,19.334188,9.9380964,NA,511.00343
12870,66.683844,28.162056,30.015333,NA,NA,624.34722
12900,69.512405,47.875302,36.924615,NA,NA,595.49981
12930,46.236626,29.863921,14.529499,13.724262,5.8531847,433.20861
12950,143.31562,NA,NA,NA,NA,736.52147
13010,111.60048,36.709488,39.596994,NA,NA,656.61616
13310,62.947541,38.340203,46.850597,11.236405,9.3590642,643.44998
13340,64.590847,36.869322,33.002666,NA,NA,591.0145
13450,51.241884,31.371369,35.245608,10.039541,10.12704,559.59927
13510,NA,NA,NA,NA,NA,NA
13550,93.761267,37.506162,43.853558,NA,NA,633.39018
13660,77.677422000000007,NA,NA,NA,NA,677.43588
13800,90.99062,31.440201,25.475452,9.9769435,10.929237,574.1663
13850,NA,NA,NA,NA,NA,768.60239
13910,65.631021,45.952415,49.419708,14.949589,NA,670.54438
14000,53.923,40.479041,13.774083,10.453912,7.0615073,470.05318
14100,68.989908,39.116205,16.748017,14.445996,NA,529.66362
14170,50.750023,32.018502,19.332496,8.328792,8.7551739,511.80029
14200,88.295558,34.005243,42.76214,16.655639999999998,NA,637.29328
14300,65.924517,NA,NA,NA,NA,573.64733
14350,64.463155,43.718176,34.61246,9.9542465,11.167549,682.80914
14400,40.002208,31.177081,16.846297,9.1307723,NA,445.56497
14500,37.254092,25.023731,7.098676,10.064775,6.1074136,341.71434
14550,66.594294,42.534446,33.097748,NA,NA,611.31761
14600,85.492433,NA,53.467737,NA,NA,732.05765
14650,63.570293,37.588364,25.602125,11.530287,7.1720064,582.67276
14700,36.453476,30.397964,9.8055782,13.244215,NA,392.82902
14750,77.093901,26.362352,31.142227,NA,NA,605.00188
14850,89.219931,52.863753,26.041081,9.197472,NA,597.9808
14870,56.455793,51.63713,41.942941,13.304151,13.394282,632.59033
14900,55.879477,27.390431,21.140606,10.470495,NA,520.64777
14920,57.294395,NA,37.269666,NA,NA,684.85568
14950,NA,NA,NA,NA,NA,530.65657
15050,57.592438,32.704736,27.524583,11.205105,NA,560.2611
15240,74.921975,36.000517,32.341596,15.749818,9.406428,613.13804
15270,68.478522,43.8395,34.523347,21.220469,NA,641.81584
15300,74.452365,45.70534,56.244442,NA,NA,716.1866
15350,37.65766,29.270687,9.2852271,10.52071,NA,364.23072
15520,72.509457,25.747425,27.345152,NA,NA,559.66039
15560,NA,NA,NA,NA,NA,568.12729
15650,75.914164,48.069482,32.342328,NA,NA,647.588
15700,NA,NA,NA,NA,NA,NA
15750,86.116075,36.14628,41.47968,35.691665,NA,713.34109
15800,48.039512,NA,NA,NA,NA,631.36256
15850,49.578874,NA,52.112432,NA,NA,600.12886
15900,77.454188,58.578067,27.442174,10.816167,9.5409095,648.03771
15950,30.205968,22.633426,7.6369338,7.5945078,8.6843641,341.04164
15990,47.271419,35.627827,14.479133,9.4876126,7.595806,442.84208
16100,68.358207,NA,NA,NA,NA,596.9678
16150,68.267767,35.460928,40.714626,12.476455,11.231119,651.08898
16200,67.438707,41.242054,37.262855,21.551037,NA,669.59993
16260,48.345338,27.948291,17.951319,8.7735948,NA,444.80188
16350,70.128666,35.022539,30.600142,14.614243,8.6749253,618.56094
16380,47.704123,34.616847,25.9011,8.316982,8.2777593,522.8854
16400,56.478214,31.141076,21.94762,10.955364,NA,550.06238
16490,64.972118,30.404942,29.858814,9.0153731,NA,523.40723
16550,46.068703,45.776768,18.056379,10.749662,6.1323122,493.5015
16610,72.48318,29.016269,24.134865,NA,NA,620.33926
16650,NA,NA,NA,NA,NA,NA
16700,46.889218,27.883263,13.344891,8.0157886,6.3135219,425.68799
16900,59.774183,29.543888,33.646287,11.836059,7.0855859,579.50154
16950,63.617784,43.94662,30.334836,16.737533,9.082299,593.81172
17000,68.133146,42.928272,38.067869,31.274205,NA,604.40004
17040,61.407498,36.161859,27.753481,17.549229,16.059456,569.61107
17080,61.998699,30.832911,36.207603,17.523528,NA,668.65331
17100,39.479969,39.14943,12.173173,NA,NA,393.01767
17150,40.14378,31.590679,16.247725,8.7316703,6.3372286,461.45823
17200,43.276119,23.158231,17.294938,6.400516,NA,434.79309
17310,70.854148,38.138907,31.205656,10.474789,7.8458691,603.42009
17350,51.578183,33.447992,45.193413,NA,NA,604.26491
17400,87.292696,55.626531,NA,NA,NA,688.1819
17420,46.893335,31.410713,9.4483832,8.9954053,6.4851996,414.20535
17550,65.035007,34.908009,22.813504,10.906443,7.3718521,565.95439
17620,64.849123,32.075599,24.013076,NA,NA,592.14698
17640,47.730254,NA,NA,NA,NA,480.97236
17650,NA,NA,NA,NA,NA,593.71685
17750,61.450581,29.055273,25.19487,9.5582481,8.1558408,580.14806
17850,NA,NA,NA,NA,NA,621.10479
17900,99.653071,NA,99.845675,NA,NA,887.24192
17950,104.37898,NA,NA,NA,NA,791.09152
18020,52.946567,41.258335,37.707205,41.261624,NA,656.07829
18050,45.582431,35.629375,14.167055,5.756917,4.9522678,414.98079
18100,60.907722,NA,61.494249,NA,NA,578.21561
18200,86.131675,NA,NA,NA,NA,611.63206
18230,NA,NA,NA,NA,NA,NA
18250,39.265612,28.138703,12.356976,8.886754,7.1933666,388.58026
18350,54.867079,38.204511,20.633121,10.012896,7.1901995,546.34943
18400,68.03732,34.199052,27.379989,12.199205,NA,562.09813
18450,61.579072,33.553123,25.601809,9.914956,7.6394638,549.76619
18500,32.457004,21.771958,6.3370809,8.0503905,4.0687349,348.27324
18710,49.397427,28.875738,24.14207,NA,NA,535.14156
19399,NA,NA,NA,NA,NA,628.02785
20110,70.696324,35.542629,26.068467,17.481164,NA,591.66432
20260,61.508568,26.87698,33.884554,NA,NA,587.95979
20570,65.824578,36.164727,32.858997,11.464395,9.4954143,598.10921
20660,53.359719,22.783388,19.402554,11.142225,8.0794329,466.19969
20740,64.093756,25.899435,23.10756,15.460859,9.6122389,546.4044
20830,59.868543,26.43627,20.151032,15.182403,NA,530.68211
20910,40.720018,35.217447,12.58156,11.925586,7.8548391,422.98962
21010,49.101629,34.330185,35.41626,13.086884,NA,614.33907
21110,43.67625,28.779598,9.7370753,12.644962,5.8604896,416.18912
21180,67.279746,27.900961,20.418082,14.126518,6.6095211,537.06341
21270,70.338216,27.88489,49.204746,27.770389,NA,631.68249
21370,63.567252,31.502628,32.372099,26.641628,8.9663319,589.19457
21450,60.797733,25.425859,25.315646,12.550136,7.0785109,510.3885
21610,54.386698,25.679202,24.61395,11.223218,NA,506.72122
21670,82.859121,40.179732,53.815803,17.591685,NA,729.34692
21750,73.333636,32.95484,28.867198,16.554212,NA,573.31094
21830,80.219078,32.955316,32.989765,17.243423,NA,639.48875
21890,60.884141,25.137309,20.268699,12.622263,6.9937802,508.53458
22110,60.52362,37.985717,29.315079,14.478122,9.0348287,581.42392
22170,61.351108,29.357362,29.180856,14.768941,7.934267,568.49531
22250,60.293803,21.457989,33.731665,NA,15.872227,588.24362
22310,56.008699,26.75703,13.584345,9.9216579,5.0021469,436.53538
22410,73.76787,45.543429,41.72969,12.77009,NA,591.63358
22490,70.883816,36.235977,NA,NA,NA,604.96446
22620,62.794033,31.822624,30.463878,16.919933,8.7351186,593.70284
22670,60.367753,31.721513,21.887977,13.180161,7.7644942,539.34233
22750,61.227712,35.142269,24.957587,11.114001,7.6794901,542.52589
22830,69.162502,32.481641,30.994651,11.315336,10.751161,593.11627
22910,53.636735,42.246414,24.83903,NA,NA,538.08786
22980,67.07311,32.802913,NA,NA,NA,651.02194
23110,57.098304,28.498393,21.726568,13.343838,7.2142376,504.15426
23190,63.63844,27.165442,29.4691,12.454399,NA,528.47081
23270,66.268024,30.379004,23.729318,13.748754,NA,511.72445
23350,57.627755,37.989819,34.51879,22.100261,NA,572.55462
23430,50.248702,28.523441,19.901896,10.069386,NA,457.39114
23670,56.98808,31.560431,21.24357,12.761001,7.4645141,499.12229
23810,79.872768,37.219299,40.703807,13.097611,8.5757121,681.59986
23940,77.394972,NA,35.198196,NA,NA,580.52879
24130,62.63492,29.853544,24.417018,14.602042,10.104856,549.72181
24210,44.317576,27.770154,10.190057,9.3916901,6.6770746,410.34013
24250,51.400505,NA,NA,NA,NA,528.12049
24330,82.077676,31.489097,28.182283,13.361508,9.9170124,599.42409
24410,57.763614,29.979988,20.615995,12.936275,7.1348136,520.24386
24600,50.297989,29.356509,13.184188,7.364958,6.1536293,457.40736
24650,65.381776,26.585924,26.269604,9.7121158,NA,525.329
24780,70.049586,29.03305,30.597427,12.046683,7.5832668,603.40222000000006
24850,64.345666,24.145547,26.723273,19.532806,NA,538.57974
24900,68.291361,36.268363,32.719908,16.16288,11.266353,621.6762
24970,52.631062,30.600822,13.94421,9.7835144,7.0718968,439.80248
25060,49.928857,25.6684,17.046214,8.2385383,5.4462939,430.31439
25150,58.124554,25.13249,27.321412,13.693289,NA,535.41047
25250,57.753635,28.667003,22.064565,11.423335,6.8799347,513.35159
25340,48.498915,28.555109,22.1866,10.041342,6.736781,480.56969
25430,58.244952,38.541639,23.13753,NA,NA,536.17662
25490,63.277529,41.147903,24.990952,NA,NA,553.50818
25620,44.170333,26.828956,31.682364,NA,NA,571.86473
25710,51.635188,28.45043,14.398749,11.583782,7.5229986,444.19617
25810,78.399999,33.131527,39.256825,18.060819,NA,618.47305
25900,57.312122,21.868544,23.721675,9.8383583,NA,473.85699
25990,65.382892,NA,NA,NA,NA,566.76176
26080,45.358543,NA,NA,NA,NA,456.3784
26170,62.085316,28.144014,23.573369,13.438996,9.4370648,530.68106
26260,61.76257,46.050928,33.629831,14.221417,NA,582.46005
26350,42.679948,29.652526,12.850316,12.8098,6.7305262,424.55486
26430,51.285924,30.9596,32.643907,19.551329,NA,559.64015
26490,50.273427,30.685452,18.148719,11.269349,NA,481.04617
26610,101.11292,34.755264,27.041109,14.382256,NA,615.34322
26670,60.941621,35.252492,36.31072,NA,NA,562.01871
26700,54.137252,35.067619,24.327756,9.6777012,8.4592945,546.81276
26730,66.616534,37.544547,25.6076,15.115173,7.0999907,550.08768
26810,78.286506,32.063007,30.156677,13.044002,13.32116,637.81548
26890,69.561731,NA,NA,NA,NA,618.47282
26980,41.019875999999996,26.26047,12.947251,9.4650087,5.2252322,410.41821
27070,52.068207,30.182178,22.894963,12.905587,7.5566492,519.32878
27170,65.291873,29.877381,32.539688,15.198297,NA,574.09402
27260,56.318986,30.017702,29.928967,11.90632,NA,539.44629
27350,53.454814,28.026851,17.442189,10.692639,7.0798028,472.53026
27450,49.590707,28.074424,23.786052,14.278939,5.9276865,483.40284
27630,60.526488,51.798322,NA,NA,NA,643.44492
29399,NA,NA,NA,NA,NA,542.12252
30250,NA,NA,NA,NA,NA,NA
30300,88.252729,NA,NA,NA,NA,666.40681
30370,71.038037,30.597054,35.745761,NA,NA,565.0453
30410,NA,NA,NA,NA,NA,602.50873
30450,NA,NA,NA,NA,NA,NA
30760,NA,NA,NA,NA,NA,602.50873
30900,NA,NA,NA,NA,NA,NA
31000,63.090102,34.640007,18.795586,5.684586,5.9664966,494.18856
31750,NA,NA,NA,NA,NA,NA
31820,62.077243,30.981758,27.586694,NA,8.3980703,584.19668
31900,71.447355,40.647192,25.402966,NA,NA,579.98719
31950,NA,NA,NA,NA,NA,NA
32080,51.222917,35.033679,32.092288,9.9621504,7.1337439,589.51688
32250,NA,NA,NA,NA,NA,917.58154
32260,68.8362,40.330473,32.401901,NA,NA,606.55973
32270,72.521082,34.672802,43.910855,NA,NA,572.23749
32310,98.560827,35.328796,39.359289,NA,NA,670.30575
32330,NA,NA,NA,NA,NA,801.23772
32450,NA,NA,NA,NA,NA,789.54637
32500,NA,NA,NA,NA,NA,745.63286
32600,NA,NA,NA,NA,NA,NA
32750,NA,NA,NA,NA,NA,NA
32770,NA,NA,NA,NA,NA,NA
32810,71.394812,34.416917,NA,NA,NA,587.11643
33100,NA,NA,NA,NA,NA,NA
33200,NA,NA,NA,NA,NA,653.30559
33220,74.762313,41.847438,34.367561,9.0632301,7.5013964,610.36999
33360,54.40504,40.986216,32.909101,NA,NA,566.94063
33430,56.796537,30.95427,20.438337,7.4809204,5.9484775,491.85159
33610,102.62731,33.864684,43.328609,NA,NA,625.55964
33620,60.809734,31.498988,23.21543,8.7171279,NA,550.918
33800,85.141026,25.73025,20.780955,NA,NA,520.51558
33830,NA,NA,NA,NA,NA,NA
33960,69.63182,35.970449,31.678534,10.352159,NA,593.96985
33980,96.701645,NA,NA,NA,NA,452.70556
34420,NA,NA,NA,NA,NA,NA
34530,73.700711,24.381238,29.579139,NA,NA,519.19058
34570,NA,NA,NA,NA,NA,NA
34580,73.413781,54.051002,33.550292,14.11908,NA,557.26966
34590,77.881426,33.203297,30.962824,9.9689367,NA,584.77355
34710,91.280537,NA,NA,NA,NA,689.83525
34770,76.03075,32.868872,28.13041,6.803529,6.8434518,573.91533
34800,NA,NA,NA,NA,NA,NA
34830,NA,NA,NA,NA,NA,NA
34860,58.410246,NA,43.185312,NA,NA,543.57616
34880,48.978523,23.873213,26.144791,NA,NA,543.67539
35010,61.362662,33.709466,29.723892,7.1489421,6.0902835,555.9864
35250,NA,NA,NA,NA,NA,NA
35300,102.70965,39.261711,63.157847,NA,NA,839.4868
35600,70.286849,NA,NA,NA,NA,695.14508
35670,NA,NA,NA,NA,NA,NA
35740,57.006232,29.755015,17.675637,NA,6.891249,469.41053
35760,80.011017,37.88328,41.010546,NA,NA,570.55774
35780,NA,NA,NA,NA,NA,954.68791
35790,NA,NA,NA,NA,NA,NA
35800,NA,NA,NA,NA,NA,881.3043
36070,NA,NA,NA,NA,NA,NA
36150,NA,NA,NA,NA,NA,881.3043
36250,67.944885,38.180635,20.772786,NA,7.713394,521.90539
36300,NA,NA,NA,NA,NA,NA
36370,77.45884,38.946571,37.076491,9.7289783,11.01067,662.08791
36510,55.11622,28.276551,22.637998,7.741427,6.5752059,502.24157
36580,84.300329,22.362659,34.434457,NA,NA,549.19672
36630,104.88899,35.744166,35.085623,13.355472,8.9741815,682.60964
36660,84.2144,37.643822,27.013679,10.176567,8.0274367,585.34162
36720,51.98141,29.472721,20.402699,5.7378963,7.4822864,475.21408
36820,63.815778,33.730643,27.630858,NA,NA,619.46844
36910,63.280796,38.563735,25.645298,10.61106,9.3188686,549.34089
36950,NA,NA,NA,NA,NA,946.84091
36960,NA,NA,NA,NA,NA,824.89515
37010,75.83216,37.523275,29.290213,8.5856022,NA,615.29282
37300,NA,NA,NA,NA,NA,NA
37310,79.678246,38.739799,40.208878,NA,9.1085251,604.34827
37340,75.55902,38.274255,37.868484,NA,NA,617.6468
37400,NA,NA,NA,NA,NA,644.37775
37550,NA,NA,NA,NA,NA,NA
37570,NA,NA,NA,NA,NA,NA
37600,NA,NA,NA,NA,NA,NA
40070,48.795424,34.422151,18.79022,NA,NA,508.3206
40120,41.686593,23.942377,20.277773,NA,NA,423.82843
40220,48.862233,31.108923,22.938327,6.8193332,7.4299201,485.15303
40250,NA,NA,NA,NA,NA,1093.1654
40310,53.022149,44.659033,22.627971,NA,NA,502.12192
40430,129.20081,NA,NA,NA,NA,689.03353
40520,72.400457,29.685053,32.45401,NA,NA,591.95641
40700,47.11432,26.390353,11.917598,5.1709325,4.4853058,407.53836
40910,50.414517,26.507057,13.119316,10.271876,6.524909,454.88998
41010,NA,NA,NA,NA,NA,650.61161
41060,58.357842,34.143656,18.923912,8.2982872,8.0399708,540.74444
41140,49.982495,33.344721,37.276047,NA,NA,518.69862
41190,NA,NA,NA,NA,NA,558.10084
41330,NA,NA,NA,NA,NA,928.44621
41560,73.51374,30.018217,28.990918,NA,NA,630.49395
41750,NA,NA,NA,NA,NA,574.31797
41830,NA,NA,NA,NA,NA,634.65058
41960,NA,NA,NA,NA,NA,558.10084
42030,62.861107,31.09623,28.874698,NA,9.9346891,579.67187
42110,109.84352,NA,NA,NA,NA,641.47418
42250,65.103125,NA,NA,NA,NA,554.22634
42600,42.761858,27.401626,18.169611,8.363528,6.6262682,464.3634
42750,NA,NA,NA,NA,NA,508.08598
43080,NA,NA,NA,NA,NA,576.57431
43220,NA,NA,NA,NA,NA,558.10084
43360,NA,NA,NA,NA,NA,523.08498
43650,76.918883,42.160274,NA,NA,NA,550.9617
43710,68.746375,NA,NA,NA,NA,547.43808
43790,60.228059,25.197847,30.159018,NA,NA,613.31625
43920,NA,NA,NA,NA,NA,NA
44000,NA,NA,NA,NA,NA,NA
44060,51.517132,26.6709,20.688714,8.8383808,NA,494.98962
44210,61.835026,29.285193,NA,NA,NA,574.22809
44340,42.191607,26.031749,13.465709,8.4784002,NA,430.75393
44550,60.669204,28.848384,19.777794,17.863297,NA,482.68896
44620,70.191715,31.682826,32.80285,9.4527184,NA,591.35521
44830,78.330576,NA,NA,NA,NA,583.79108
45040,64.028225,19.25227,22.760103,15.058129,NA,556.30742
45090,53.308645,29.081878,NA,NA,NA,589.82146
45120,51.040344,NA,NA,NA,NA,607.56633
45290,45.927381,22.690075,18.139207,8.8629594,5.4198547,476.18083
45340,59.504416,28.519022,26.234951,8.8311391,NA,543.68383
45400,NA,NA,NA,NA,NA,584.64662
45540,NA,NA,NA,NA,NA,583.74477
45680,67.954059,23.755359,46.584581,NA,NA,687.05247
45890,67.656238,37.354675,27.077877,8.9741399,5.8346787,605.59456
46090,82.83257,29.515194,35.157369,NA,NA,739.53778
46300,66.245917,51.883141,18.670808,NA,NA,569.22836
46450,69.781929,28.37557,32.404661,21.488039,NA,671.05327
46510,49.948852,30.828891,28.353696,NA,NA,480.45089
46670,50.826869,26.892292,36.38281,NA,NA,556.43254
46860,NA,NA,NA,NA,NA,523.08498
46970,NA,NA,NA,NA,NA,NA
47140,59.218563,32.650143,33.896569,9.7552094,NA,629.68423
47290,NA,NA,NA,NA,NA,574.94524
47490,NA,NA,NA,NA,NA,624.79854
47630,60.194138,NA,NA,NA,NA,503.72323
47700,44.982887,27.701669,22.164742,8.1215459,NA,482.30205
47800,93.609982,NA,NA,NA,NA,618.06359
47910,NA,NA,NA,NA,NA,540.91511
47980,77.929972,52.577998,20.43551,14.21137,6.7238296,612.36068
48050,55.22072,29.586735,15.084194,NA,NA,498.81951
48130,129.59029,41.998932,NA,NA,NA,689.49179
48260,65.604161,44.479517,NA,NA,NA,561.23004
48340,77.970185,34.798727,25.451163,21.634505,NA,604.02129
48410,63.126926,26.672971,15.261294,8.8740005,7.6107407,515.79704
48540,64.508921,21.421642,49.962081,NA,NA,657.17242
48640,NA,NA,NA,NA,NA,572.65019
48750,49.227688,NA,NA,NA,NA,490.36321
48830,61.104478,17.851413,25.678919,15.868014,NA,573.61574
49399,NA,NA,NA,NA,NA,562.01335
50080,52.193484,33.799188,26.04348,10.890628,7.9035404,548.95085
50210,60.384924,26.368239,24.998844,9.2315166,NA,548.30785
50250,NA,NA,NA,NA,NA,308.50037
50280,44.782537,35.49115,NA,NA,NA,458.48606
50350,91.156518,23.861953,NA,NA,NA,558.01309
50420,82.290539,32.852549,16.177755,7.4515012,NA,570.66406
50490,68.238119,27.304363,28.088296,12.941944,NA,564.55561
50560,NA,NA,NA,NA,NA,506.05787
50630,NA,NA,NA,NA,NA,499.12743
50770,NA,NA,NA,NA,NA,521.66739
50840,77.432556,NA,NA,NA,NA,521.66739
50910,NA,NA,NA,NA,NA,685.96318
50980,76.60486,NA,NA,NA,NA,694.37845
51080,NA,NA,NA,NA,NA,557.47285
51120,NA,NA,NA,NA,NA,531.47314
51190,58.520164,25.521744,27.61259,16.583338,NA,593.22459
51260,56.397854,35.48895,22.467404,9.9974161,7.9502862,519.16544
51310,48.489818,31.03553,11.158511,NA,NA,399.97314
51330,57.878593,32.628839,16.160856,9.6492763,NA,508.37885
51400,NA,NA,NA,NA,NA,364.627
51470,NA,NA,NA,NA,NA,NA
51540,111.13411,NA,NA,NA,NA,652.37088
51610,NA,NA,NA,NA,NA,505.77269
51680,NA,NA,NA,NA,NA,383.96824
51750,73.193524,28.001447,NA,NA,NA,489.69203
51820,56.539739,26.724829,18.289338,9.8696637,NA,496.29811
51890,88.227444,51.049513,35.298571,NA,NA,734.20418
51960,NA,NA,NA,NA,NA,800.53449
52030,NA,NA,NA,NA,NA,591.50823
52100,NA,NA,NA,NA,NA,685.96318
52170,52.424748,NA,NA,NA,NA,425.70262
52240,NA,NA,NA,NA,NA,557.47285
52310,NA,NA,NA,NA,NA,469.76372
52380,NA,NA,NA,NA,NA,NA
52450,NA,NA,NA,NA,NA,767.82309
52520,NA,NA,NA,NA,NA,563.75775
52590,NA,NA,NA,NA,NA,430.97864
52660,51.689884,37.511815,NA,NA,NA,589.38921
52730,75.735417,NA,NA,NA,NA,479.97405
52800,89.256172,NA,NA,NA,NA,1108.4275
52870,NA,NA,NA,NA,NA,504.00115
52940,NA,NA,NA,NA,NA,NA
53010,NA,NA,NA,NA,NA,NA
53080,NA,NA,NA,NA,NA,NA
53150,58.979984,NA,NA,NA,NA,519.46899
53220,NA,NA,NA,NA,NA,399.94848
53290,79.290836,32.693134,NA,NA,NA,545.84346
53360,NA,NA,NA,NA,NA,454.50405
53430,58.110077,30.269666,14.746396,11.070167,9.6208587,562.91795
53570,NA,NA,NA,NA,NA,430.97864
53640,NA,NA,NA,NA,NA,NA
53710,NA,NA,NA,NA,NA,617.74531
53780,52.591159,19.875931,20.839056,8.3045265,NA,509.16003
53800,60.299906,27.780906,39.131454,11.890888,9.2330167,660.80345
53920,NA,NA,NA,NA,NA,2073.2262
53990,50.803021,19.700515,22.255462,NA,NA,459.01202
54060,NA,NA,NA,NA,NA,421.28539
54130,NA,NA,NA,NA,NA,NA
54170,47.718108,21.149615,16.584172,7.5962844,5.2693212,411.43875
54200,NA,NA,NA,NA,NA,NA
54280,82.732251,36.946758,54.429669,NA,NA,773.38
54310,68.907172,NA,NA,NA,NA,462.87378
54340,76.305611,NA,NA,NA,NA,612.91478
54410,NA,NA,NA,NA,NA,767.82309
54480,NA,NA,NA,NA,NA,NA
54550,NA,NA,NA,NA,NA,557.47285
54620,NA,NA,NA,NA,NA,NA
54690,NA,NA,NA,NA,NA,NA
54760,NA,NA,NA,NA,NA,NA
54830,71.392408,24.896684,28.64973,NA,NA,590.08198
54900,NA,NA,NA,NA,NA,465.44618
54970,NA,NA,NA,NA,NA,NA
55040,NA,NA,NA,NA,NA,NA
55110,49.420364,23.304962,24.954901,9.0989799,NA,547.94333
55180,71.225049,52.271411,30.903562,NA,NA,586.4739
55250,NA,NA,NA,NA,NA,NA
55320,37.730435,22.562149,10.92493,7.8463158,5.1339331,387.00773
55390,NA,NA,NA,NA,NA,NA
55460,NA,NA,NA,NA,NA,531.47314
55530,NA,NA,NA,NA,NA,NA
55600,NA,NA,NA,NA,NA,563.75775
55670,NA,NA,NA,NA,NA,NA
55740,56.06212,32.36472,NA,NA,NA,577.78207
55810,NA,NA,NA,NA,NA,NA
55880,NA,NA,NA,NA,NA,NA
55950,NA,NA,NA,NA,NA,NA
56090,47.80328,18.700231,17.359401,NA,NA,458.42234
56160,NA,NA,NA,NA,NA,NA
56230,43.734008,19.932107,24.833921,NA,NA,487.66856
56300,NA,NA,NA,NA,NA,475.55063
56370,NA,NA,NA,NA,NA,531.47314
56460,80.004151,NA,NA,NA,NA,716.64918
56580,33.407289,19.544889,NA,NA,NA,343.53162
56620,NA,NA,NA,NA,NA,NA
56730,91.413322,30.980813,NA,NA,NA,690.18414
56790,NA,NA,NA,NA,NA,549.5794
56860,NA,NA,NA,NA,NA,NA
56930,NA,NA,NA,NA,NA,577.78207
57000,NA,NA,NA,NA,NA,NA
57080,58.896196,25.944908,NA,NA,NA,494.4272
57140,NA,NA,NA,NA,NA,685.96318
57210,59.480091,NA,NA,NA,NA,578.90786
57280,120.87026,NA,NA,NA,NA,832.21054
57350,NA,NA,NA,NA,NA,767.82309
57420,NA,NA,NA,NA,NA,524.00191
57490,46.335448,22.147168,29.200399,9.0746389,NA,547.25541
57630,NA,NA,NA,NA,NA,NA
57700,44.449824,27.271831,NA,NA,NA,471.08176
57770,NA,NA,NA,NA,NA,NA
57840,58.272657,28.926158,18.501454,10.809455,8.9766488,560.96898
57910,56.290918,24.341344,12.170474,10.622649,5.4685584,464.59676
57980,67.552241,31.324587,NA,NA,NA,536.21499
58050,53.201837,19.443013,22.577753,7.7698331,NA,527.07928
58190,NA,NA,NA,NA,NA,767.82309
58260,NA,NA,NA,NA,NA,NA
58330,NA,NA,NA,NA,NA,533.85535
58400,NA,NA,NA,NA,NA,NA
58470,NA,NA,NA,NA,NA,NA
58510,66.833674,25.736512,24.585423,11.239857,NA,563.15119
58540,NA,NA,NA,NA,NA,563.75775
58570,64.525075,43.092362,19.858362,12.225231,NA,577.0411
58610,NA,NA,NA,NA,NA,469.76372
58680,NA,NA,NA,NA,NA,685.96318
58760,55.85024,24.691197,16.527091,7.9774215,NA,516.67363
58820,86.596356,NA,NA,NA,NA,672.83932
58890,NA,NA,NA,NA,NA,469.76372
59030,NA,NA,NA,NA,NA,NA
59100,NA,NA,NA,NA,NA,NA
59170,NA,NA,NA,NA,NA,469.76372
59250,NA,NA,NA,NA,NA,NA
59310,NA,NA,NA,NA,NA,617.74531
59320,NA,NA,NA,NA,NA,NA
59330,NA,NA,NA,NA,NA,NA
59340,94.863836,NA,NA,NA,NA,897.43882
59350,NA,NA,NA,NA,NA,NA
59360,NA,NA,NA,NA,NA,584.25459
59370,NA,NA,NA,NA,NA,506.05787
60210,66.403977,62.372194,39.359119,NA,NA,732.17998
60410,83.521708,42.333694,51.67462,NA,NA,750.13474
60610,72.664993,39.060459,36.930605,NA,NA,654.25598
60810,74.730015,41.831204,35.039023,12.534552,NA,615.75685
61010,NA,NA,NA,NA,NA,524.72651
61210,117.18003,44.112049,NA,NA,NA,765.52354
61410,59.328133,37.82645,29.736422,12.333221,6.2675833,570.31388
61510,87.310546,NA,40.26607,NA,NA,690.10695
61610,64.214833,30.918215,28.971183,10.62125,NA,635.51305
61810,84.546595,NA,35.165521,NA,NA,620.30968
62010,NA,NA,NA,NA,NA,588.34839
62210,93.889648,NA,56.758637,NA,NA,609.32971
62410,55.341657,NA,NA,NA,NA,593.79102
62610,91.258671,36.759809,46.504443,13.650025,8.2419259,657.45549
62810,60.273717,31.961932,19.123773,16.677429,9.4808896,562.74619
63010,76.507759,30.052654,23.348755,NA,NA,602.85094
63210,71.478732,NA,NA,NA,NA,597.15699
63410,NA,NA,NA,NA,NA,542.68135
63610,47.859715,34.615565,17.39366,11.56306,8.7603522,496.90384
63810,54.122312,28.471846,32.958489,NA,NA,532.50265
64010,71.542948,41.085398,40.647399,12.324,9.1218801,687.75174
64210,57.069134,30.030404,27.680996,NA,NA,505.32127
64610,84.155149,29.382874,34.249495,NA,NA,599.84138
64810,60.858936,29.219414,27.874037,NA,NA,579.87329
65010,93.02639,NA,NA,NA,NA,604.31189
65210,NA,NA,NA,NA,NA,617.63299
65410,73.790695,49.339801,42.165916,NA,NA,718.52761
65610,72.553576,NA,NA,NA,NA,804.7063
65810,63.273392,30.489543,30.157539,NA,NA,505.63573
70200,75.908539,31.582374,34.026991,NA,NA,695.04484
70420,202.49301,NA,NA,NA,NA,1587.7398
70540,NA,NA,NA,NA,NA,NA
70620,146.42685,NA,NA,NA,NA,1034.119
70700,NA,NA,NA,NA,NA,NA
71000,65.756989,29.645735,43.261853,NA,NA,627.17857
71300,NA,NA,NA,NA,NA,NA
72200,72.015702,NA,62.750482,NA,NA,742.36385
72300,47.074341,NA,NA,NA,NA,536.65206
72330,NA,NA,NA,NA,NA,970.45631
72800,71.58403,NA,51.120778,NA,NA,677.30797
73600,174.7055,NA,NA,NA,NA,1187.2239
74050,NA,NA,NA,NA,NA,1103.1198
74550,NA,NA,NA,NA,NA,898.94294
74560,NA,NA,NA,NA,NA,NA
74660,162.34047,NA,134.14828,NA,NA,1107.3062
74680,NA,NA,NA,NA,NA,NA
79399,NA,NA,NA,NA,NA,677.07599
89399,49.952486,32.451965,22.693885,7.3063158,10.407233,495.87232
