LGA_CODE16,Year
10050,2011
10130,2011
10250,2011
10300,2011
10470,2011
10550,2011
10600,2011
10650,2011
10750,2011
10800,2011
10850,2011
10900,2011
10950,2011
11100,2011
11150,2011
11200,2011
11250,2011
11300,2011
11350,2011
11400,2011
11450,2011
11500,2011
11520,2011
11570,2011
11600,2011
11650,2011
11700,2011
11720,2011
11730,2011
11750,2011
11800,2011
12000,2011
12150,2011
12350,2011
12380,2011
12700,2011
12730,2011
12750,2011
12850,2011
12870,2011
12900,2011
12930,2011
12950,2011
13010,2011
13310,2011
13340,2011
13450,2011
13510,2011
13550,2011
13660,2011
13800,2011
13850,2011
13910,2011
14000,2011
14100,2011
14170,2011
14200,2011
14300,2011
14350,2011
14400,2011
14500,2011
14550,2011
14600,2011
14650,2011
14700,2011
14750,2011
14850,2011
14870,2011
14900,2011
14920,2011
14950,2011
15050,2011
15240,2011
15270,2011
15300,2011
15350,2011
15520,2011
15560,2011
15650,2011
15700,2011
15750,2011
15800,2011
15850,2011
15900,2011
15950,2011
15990,2011
16100,2011
16150,2011
16200,2011
16260,2011
16350,2011
16380,2011
16400,2011
16490,2011
16550,2011
16610,2011
16650,2011
16700,2011
16900,2011
16950,2011
17000,2011
17040,2011
17080,2011
17100,2011
17150,2011
17200,2011
17310,2011
17350,2011
17400,2011
17420,2011
17550,2011
17620,2011
17640,2011
17650,2011
17750,2011
17850,2011
17900,2011
17950,2011
18020,2011
18050,2011
18100,2011
18200,2011
18230,2011
18250,2011
18350,2011
18400,2011
18450,2011
18500,2011
18710,2011
19399,2011
20110,2011
20260,2011
20570,2011
20660,2011
20740,2011
20830,2011
20910,2011
21010,2011
21110,2011
21180,2011
21270,2011
21370,2011
21450,2011
21610,2011
21670,2011
21750,2011
21830,2011
21890,2011
22110,2011
22170,2011
22250,2011
22310,2011
22410,2011
22490,2011
22620,2011
22670,2011
22750,2011
22830,2011
22910,2011
22980,2011
23110,2011
23190,2011
23270,2011
23350,2011
23430,2011
23670,2011
23810,2011
23940,2011
24130,2011
24210,2011
24250,2011
24330,2011
24410,2011
24600,2011
24650,2011
24780,2011
24850,2011
24900,2011
24970,2011
25060,2011
25150,2011
25250,2011
25340,2011
25430,2011
25490,2011
25620,2011
25710,2011
25810,2011
25900,2011
25990,2011
26080,2011
26170,2011
26260,2011
26350,2011
26430,2011
26490,2011
26610,2011
26670,2011
26700,2011
26730,2011
26810,2011
26890,2011
26980,2011
27070,2011
27170,2011
27260,2011
27350,2011
27450,2011
27630,2011
29399,2011
30250,2011
30300,2011
30370,2011
30410,2011
30450,2011
30760,2011
30900,2011
31000,2011
31750,2011
31820,2011
31900,2011
31950,2011
32080,2011
32250,2011
32260,2011
32270,2011
32310,2011
32330,2011
32450,2011
32500,2011
32600,2011
32750,2011
32770,2011
32810,2011
33100,2011
33200,2011
33220,2011
33360,2011
33430,2011
33610,2011
33620,2011
33800,2011
33830,2011
33960,2011
33980,2011
34420,2011
34530,2011
34570,2011
34580,2011
34590,2011
34710,2011
34770,2011
34800,2011
34830,2011
34860,2011
34880,2011
35010,2011
35250,2011
35300,2011
35600,2011
35670,2011
35740,2011
35760,2011
35780,2011
35790,2011
35800,2011
36070,2011
36150,2011
36250,2011
36300,2011
36370,2011
36510,2011
36580,2011
36630,2011
36660,2011
36720,2011
36820,2011
36910,2011
36950,2011
36960,2011
37010,2011
37300,2011
37310,2011
37340,2011
37400,2011
37550,2011
37570,2011
37600,2011
40070,2011
40120,2011
40220,2011
40250,2011
40310,2011
40430,2011
40520,2011
40700,2011
40910,2011
41010,2011
41060,2011
41140,2011
41190,2011
41330,2011
41560,2011
41750,2011
41830,2011
41960,2011
42030,2011
42110,2011
42250,2011
42600,2011
42750,2011
43080,2011
43220,2011
43360,2011
43650,2011
43710,2011
43790,2011
43920,2011
44000,2011
44060,2011
44210,2011
44340,2011
44550,2011
44620,2011
44830,2011
45040,2011
45090,2011
45120,2011
45290,2011
45340,2011
45400,2011
45540,2011
45680,2011
45890,2011
46090,2011
46300,2011
46450,2011
46510,2011
46670,2011
46860,2011
46970,2011
47140,2011
47290,2011
47490,2011
47630,2011
47700,2011
47800,2011
47910,2011
47980,2011
48050,2011
48130,2011
48260,2011
48340,2011
48410,2011
48540,2011
48640,2011
48750,2011
48830,2011
49399,2011
50080,2011
50210,2011
50250,2011
50280,2011
50350,2011
50420,2011
50490,2011
50560,2011
50630,2011
50770,2011
50840,2011
50910,2011
50980,2011
51080,2011
51120,2011
51190,2011
51260,2011
51310,2011
51330,2011
51400,2011
51470,2011
51540,2011
51610,2011
51680,2011
51750,2011
51820,2011
51890,2011
51960,2011
52030,2011
52100,2011
52170,2011
52240,2011
52310,2011
52380,2011
52450,2011
52520,2011
52590,2011
52660,2011
52730,2011
52800,2011
52870,2011
52940,2011
53010,2011
53080,2011
53150,2011
53220,2011
53290,2011
53360,2011
53430,2011
53570,2011
53640,2011
53710,2011
53780,2011
53800,2011
53920,2011
53990,2011
54060,2011
54130,2011
54170,2011
54200,2011
54280,2011
54310,2011
54340,2011
54410,2011
54480,2011
54550,2011
54620,2011
54690,2011
54760,2011
54830,2011
54900,2011
54970,2011
55040,2011
55110,2011
55180,2011
55250,2011
55320,2011
55390,2011
55460,2011
55530,2011
55600,2011
55670,2011
55740,2011
55810,2011
55880,2011
55950,2011
56090,2011
56160,2011
56230,2011
56300,2011
56370,2011
56460,2011
56580,2011
56620,2011
56730,2011
56790,2011
56860,2011
56930,2011
57000,2011
57080,2011
57140,2011
57210,2011
57280,2011
57350,2011
57420,2011
57490,2011
57630,2011
57700,2011
57770,2011
57840,2011
57910,2011
57980,2011
58050,2011
58190,2011
58260,2011
58330,2011
58400,2011
58470,2011
58510,2011
58540,2011
58570,2011
58610,2011
58680,2011
58760,2011
58820,2011
58890,2011
59030,2011
59100,2011
59170,2011
59250,2011
59310,2011
59320,2011
59330,2011
59340,2011
59350,2011
59360,2011
59370,2011
60210,2011
60410,2011
60610,2011
60810,2011
61010,2011
61210,2011
61410,2011
61510,2011
61610,2011
61810,2011
62010,2011
62210,2011
62410,2011
62610,2011
62810,2011
63010,2011
63210,2011
63410,2011
63610,2011
63810,2011
64010,2011
64210,2011
64610,2011
64810,2011
65010,2011
65210,2011
65410,2011
65610,2011
65810,2011
70200,2011
70420,2011
70540,2011
70620,2011
70700,2011
71000,2011
71300,2011
72200,2011
72300,2011
72330,2011
72800,2011
73600,2011
74050,2011
74550,2011
74560,2011
74660,2011
74680,2011
79399,2011
89399,2011
10050,2012
10130,2012
10250,2012
10300,2012
10470,2012
10550,2012
10600,2012
10650,2012
10750,2012
10800,2012
10850,2012
10900,2012
10950,2012
11100,2012
11150,2012
11200,2012
11250,2012
11300,2012
11350,2012
11400,2012
11450,2012
11500,2012
11520,2012
11570,2012
11600,2012
11650,2012
11700,2012
11720,2012
11730,2012
11750,2012
11800,2012
12000,2012
12150,2012
12350,2012
12380,2012
12700,2012
12730,2012
12750,2012
12850,2012
12870,2012
12900,2012
12930,2012
12950,2012
13010,2012
13310,2012
13340,2012
13450,2012
13510,2012
13550,2012
13660,2012
13800,2012
13850,2012
13910,2012
14000,2012
14100,2012
14170,2012
14200,2012
14300,2012
14350,2012
14400,2012
14500,2012
14550,2012
14600,2012
14650,2012
14700,2012
14750,2012
14850,2012
14870,2012
14900,2012
14920,2012
14950,2012
15050,2012
15240,2012
15270,2012
15300,2012
15350,2012
15520,2012
15560,2012
15650,2012
15700,2012
15750,2012
15800,2012
15850,2012
15900,2012
15950,2012
15990,2012
16100,2012
16150,2012
16200,2012
16260,2012
16350,2012
16380,2012
16400,2012
16490,2012
16550,2012
16610,2012
16650,2012
16700,2012
16900,2012
16950,2012
17000,2012
17040,2012
17080,2012
17100,2012
17150,2012
17200,2012
17310,2012
17350,2012
17400,2012
17420,2012
17550,2012
17620,2012
17640,2012
17650,2012
17750,2012
17850,2012
17900,2012
17950,2012
18020,2012
18050,2012
18100,2012
18200,2012
18230,2012
18250,2012
18350,2012
18400,2012
18450,2012
18500,2012
18710,2012
19399,2012
20110,2012
20260,2012
20570,2012
20660,2012
20740,2012
20830,2012
20910,2012
21010,2012
21110,2012
21180,2012
21270,2012
21370,2012
21450,2012
21610,2012
21670,2012
21750,2012
21830,2012
21890,2012
22110,2012
22170,2012
22250,2012
22310,2012
22410,2012
22490,2012
22620,2012
22670,2012
22750,2012
22830,2012
22910,2012
22980,2012
23110,2012
23190,2012
23270,2012
23350,2012
23430,2012
23670,2012
23810,2012
23940,2012
24130,2012
24210,2012
24250,2012
24330,2012
24410,2012
24600,2012
24650,2012
24780,2012
24850,2012
24900,2012
24970,2012
25060,2012
25150,2012
25250,2012
25340,2012
25430,2012
25490,2012
25620,2012
25710,2012
25810,2012
25900,2012
25990,2012
26080,2012
26170,2012
26260,2012
26350,2012
26430,2012
26490,2012
26610,2012
26670,2012
26700,2012
26730,2012
26810,2012
26890,2012
26980,2012
27070,2012
27170,2012
27260,2012
27350,2012
27450,2012
27630,2012
29399,2012
30250,2012
30300,2012
30370,2012
30410,2012
30450,2012
30760,2012
30900,2012
31000,2012
31750,2012
31820,2012
31900,2012
31950,2012
32080,2012
32250,2012
32260,2012
32270,2012
32310,2012
32330,2012
32450,2012
32500,2012
32600,2012
32750,2012
32770,2012
32810,2012
33100,2012
33200,2012
33220,2012
33360,2012
33430,2012
33610,2012
33620,2012
33800,2012
33830,2012
33960,2012
33980,2012
34420,2012
34530,2012
34570,2012
34580,2012
34590,2012
34710,2012
34770,2012
34800,2012
34830,2012
34860,2012
34880,2012
35010,2012
35250,2012
35300,2012
35600,2012
35670,2012
35740,2012
35760,2012
35780,2012
35790,2012
35800,2012
36070,2012
36150,2012
36250,2012
36300,2012
36370,2012
36510,2012
36580,2012
36630,2012
36660,2012
36720,2012
36820,2012
36910,2012
36950,2012
36960,2012
37010,2012
37300,2012
37310,2012
37340,2012
37400,2012
37550,2012
37570,2012
37600,2012
40070,2012
40120,2012
40220,2012
40250,2012
40310,2012
40430,2012
40520,2012
40700,2012
40910,2012
41010,2012
41060,2012
41140,2012
41190,2012
41330,2012
41560,2012
41750,2012
41830,2012
41960,2012
42030,2012
42110,2012
42250,2012
42600,2012
42750,2012
43080,2012
43220,2012
43360,2012
43650,2012
43710,2012
43790,2012
43920,2012
44000,2012
44060,2012
44210,2012
44340,2012
44550,2012
44620,2012
44830,2012
45040,2012
45090,2012
45120,2012
45290,2012
45340,2012
45400,2012
45540,2012
45680,2012
45890,2012
46090,2012
46300,2012
46450,2012
46510,2012
46670,2012
46860,2012
46970,2012
47140,2012
47290,2012
47490,2012
47630,2012
47700,2012
47800,2012
47910,2012
47980,2012
48050,2012
48130,2012
48260,2012
48340,2012
48410,2012
48540,2012
48640,2012
48750,2012
48830,2012
49399,2012
50080,2012
50210,2012
50250,2012
50280,2012
50350,2012
50420,2012
50490,2012
50560,2012
50630,2012
50770,2012
50840,2012
50910,2012
50980,2012
51080,2012
51120,2012
51190,2012
51260,2012
51310,2012
51330,2012
51400,2012
51470,2012
51540,2012
51610,2012
51680,2012
51750,2012
51820,2012
51890,2012
51960,2012
52030,2012
52100,2012
52170,2012
52240,2012
52310,2012
52380,2012
52450,2012
52520,2012
52590,2012
52660,2012
52730,2012
52800,2012
52870,2012
52940,2012
53010,2012
53080,2012
53150,2012
53220,2012
53290,2012
53360,2012
53430,2012
53570,2012
53640,2012
53710,2012
53780,2012
53800,2012
53920,2012
53990,2012
54060,2012
54130,2012
54170,2012
54200,2012
54280,2012
54310,2012
54340,2012
54410,2012
54480,2012
54550,2012
54620,2012
54690,2012
54760,2012
54830,2012
54900,2012
54970,2012
55040,2012
55110,2012
55180,2012
55250,2012
55320,2012
55390,2012
55460,2012
55530,2012
55600,2012
55670,2012
55740,2012
55810,2012
55880,2012
55950,2012
56090,2012
56160,2012
56230,2012
56300,2012
56370,2012
56460,2012
56580,2012
56620,2012
56730,2012
56790,2012
56860,2012
56930,2012
57000,2012
57080,2012
57140,2012
57210,2012
57280,2012
57350,2012
57420,2012
57490,2012
57630,2012
57700,2012
57770,2012
57840,2012
57910,2012
57980,2012
58050,2012
58190,2012
58260,2012
58330,2012
58400,2012
58470,2012
58510,2012
58540,2012
58570,2012
58610,2012
58680,2012
58760,2012
58820,2012
58890,2012
59030,2012
59100,2012
59170,2012
59250,2012
59310,2012
59320,2012
59330,2012
59340,2012
59350,2012
59360,2012
59370,2012
60210,2012
60410,2012
60610,2012
60810,2012
61010,2012
61210,2012
61410,2012
61510,2012
61610,2012
61810,2012
62010,2012
62210,2012
62410,2012
62610,2012
62810,2012
63010,2012
63210,2012
63410,2012
63610,2012
63810,2012
64010,2012
64210,2012
64610,2012
64810,2012
65010,2012
65210,2012
65410,2012
65610,2012
65810,2012
70200,2012
70420,2012
70540,2012
70620,2012
70700,2012
71000,2012
71300,2012
72200,2012
72300,2012
72330,2012
72800,2012
73600,2012
74050,2012
74550,2012
74560,2012
74660,2012
74680,2012
79399,2012
89399,2012
10050,2013
10130,2013
10250,2013
10300,2013
10470,2013
10550,2013
10600,2013
10650,2013
10750,2013
10800,2013
10850,2013
10900,2013
10950,2013
11100,2013
11150,2013
11200,2013
11250,2013
11300,2013
11350,2013
11400,2013
11450,2013
11500,2013
11520,2013
11570,2013
11600,2013
11650,2013
11700,2013
11720,2013
11730,2013
11750,2013
11800,2013
12000,2013
12150,2013
12350,2013
12380,2013
12700,2013
12730,2013
12750,2013
12850,2013
12870,2013
12900,2013
12930,2013
12950,2013
13010,2013
13310,2013
13340,2013
13450,2013
13510,2013
13550,2013
13660,2013
13800,2013
13850,2013
13910,2013
14000,2013
14100,2013
14170,2013
14200,2013
14300,2013
14350,2013
14400,2013
14500,2013
14550,2013
14600,2013
14650,2013
14700,2013
14750,2013
14850,2013
14870,2013
14900,2013
14920,2013
14950,2013
15050,2013
15240,2013
15270,2013
15300,2013
15350,2013
15520,2013
15560,2013
15650,2013
15700,2013
15750,2013
15800,2013
15850,2013
15900,2013
15950,2013
15990,2013
16100,2013
16150,2013
16200,2013
16260,2013
16350,2013
16380,2013
16400,2013
16490,2013
16550,2013
16610,2013
16650,2013
16700,2013
16900,2013
16950,2013
17000,2013
17040,2013
17080,2013
17100,2013
17150,2013
17200,2013
17310,2013
17350,2013
17400,2013
17420,2013
17550,2013
17620,2013
17640,2013
17650,2013
17750,2013
17850,2013
17900,2013
17950,2013
18020,2013
18050,2013
18100,2013
18200,2013
18230,2013
18250,2013
18350,2013
18400,2013
18450,2013
18500,2013
18710,2013
19399,2013
20110,2013
20260,2013
20570,2013
20660,2013
20740,2013
20830,2013
20910,2013
21010,2013
21110,2013
21180,2013
21270,2013
21370,2013
21450,2013
21610,2013
21670,2013
21750,2013
21830,2013
21890,2013
22110,2013
22170,2013
22250,2013
22310,2013
22410,2013
22490,2013
22620,2013
22670,2013
22750,2013
22830,2013
22910,2013
22980,2013
23110,2013
23190,2013
23270,2013
23350,2013
23430,2013
23670,2013
23810,2013
23940,2013
24130,2013
24210,2013
24250,2013
24330,2013
24410,2013
24600,2013
24650,2013
24780,2013
24850,2013
24900,2013
24970,2013
25060,2013
25150,2013
25250,2013
25340,2013
25430,2013
25490,2013
25620,2013
25710,2013
25810,2013
25900,2013
25990,2013
26080,2013
26170,2013
26260,2013
26350,2013
26430,2013
26490,2013
26610,2013
26670,2013
26700,2013
26730,2013
26810,2013
26890,2013
26980,2013
27070,2013
27170,2013
27260,2013
27350,2013
27450,2013
27630,2013
29399,2013
30250,2013
30300,2013
30370,2013
30410,2013
30450,2013
30760,2013
30900,2013
31000,2013
31750,2013
31820,2013
31900,2013
31950,2013
32080,2013
32250,2013
32260,2013
32270,2013
32310,2013
32330,2013
32450,2013
32500,2013
32600,2013
32750,2013
32770,2013
32810,2013
33100,2013
33200,2013
33220,2013
33360,2013
33430,2013
33610,2013
33620,2013
33800,2013
33830,2013
33960,2013
33980,2013
34420,2013
34530,2013
34570,2013
34580,2013
34590,2013
34710,2013
34770,2013
34800,2013
34830,2013
34860,2013
34880,2013
35010,2013
35250,2013
35300,2013
35600,2013
35670,2013
35740,2013
35760,2013
35780,2013
35790,2013
35800,2013
36070,2013
36150,2013
36250,2013
36300,2013
36370,2013
36510,2013
36580,2013
36630,2013
36660,2013
36720,2013
36820,2013
36910,2013
36950,2013
36960,2013
37010,2013
37300,2013
37310,2013
37340,2013
37400,2013
37550,2013
37570,2013
37600,2013
40070,2013
40120,2013
40220,2013
40250,2013
40310,2013
40430,2013
40520,2013
40700,2013
40910,2013
41010,2013
41060,2013
41140,2013
41190,2013
41330,2013
41560,2013
41750,2013
41830,2013
41960,2013
42030,2013
42110,2013
42250,2013
42600,2013
42750,2013
43080,2013
43220,2013
43360,2013
43650,2013
43710,2013
43790,2013
43920,2013
44000,2013
44060,2013
44210,2013
44340,2013
44550,2013
44620,2013
44830,2013
45040,2013
45090,2013
45120,2013
45290,2013
45340,2013
45400,2013
45540,2013
45680,2013
45890,2013
46090,2013
46300,2013
46450,2013
46510,2013
46670,2013
46860,2013
46970,2013
47140,2013
47290,2013
47490,2013
47630,2013
47700,2013
47800,2013
47910,2013
47980,2013
48050,2013
48130,2013
48260,2013
48340,2013
48410,2013
48540,2013
48640,2013
48750,2013
48830,2013
49399,2013
50080,2013
50210,2013
50250,2013
50280,2013
50350,2013
50420,2013
50490,2013
50560,2013
50630,2013
50770,2013
50840,2013
50910,2013
50980,2013
51080,2013
51120,2013
51190,2013
51260,2013
51310,2013
51330,2013
51400,2013
51470,2013
51540,2013
51610,2013
51680,2013
51750,2013
51820,2013
51890,2013
51960,2013
52030,2013
52100,2013
52170,2013
52240,2013
52310,2013
52380,2013
52450,2013
52520,2013
52590,2013
52660,2013
52730,2013
52800,2013
52870,2013
52940,2013
53010,2013
53080,2013
53150,2013
53220,2013
53290,2013
53360,2013
53430,2013
53570,2013
53640,2013
53710,2013
53780,2013
53800,2013
53920,2013
53990,2013
54060,2013
54130,2013
54170,2013
54200,2013
54280,2013
54310,2013
54340,2013
54410,2013
54480,2013
54550,2013
54620,2013
54690,2013
54760,2013
54830,2013
54900,2013
54970,2013
55040,2013
55110,2013
55180,2013
55250,2013
55320,2013
55390,2013
55460,2013
55530,2013
55600,2013
55670,2013
55740,2013
55810,2013
55880,2013
55950,2013
56090,2013
56160,2013
56230,2013
56300,2013
56370,2013
56460,2013
56580,2013
56620,2013
56730,2013
56790,2013
56860,2013
56930,2013
57000,2013
57080,2013
57140,2013
57210,2013
57280,2013
57350,2013
57420,2013
57490,2013
57630,2013
57700,2013
57770,2013
57840,2013
57910,2013
57980,2013
58050,2013
58190,2013
58260,2013
58330,2013
58400,2013
58470,2013
58510,2013
58540,2013
58570,2013
58610,2013
58680,2013
58760,2013
58820,2013
58890,2013
59030,2013
59100,2013
59170,2013
59250,2013
59310,2013
59320,2013
59330,2013
59340,2013
59350,2013
59360,2013
59370,2013
60210,2013
60410,2013
60610,2013
60810,2013
61010,2013
61210,2013
61410,2013
61510,2013
61610,2013
61810,2013
62010,2013
62210,2013
62410,2013
62610,2013
62810,2013
63010,2013
63210,2013
63410,2013
63610,2013
63810,2013
64010,2013
64210,2013
64610,2013
64810,2013
65010,2013
65210,2013
65410,2013
65610,2013
65810,2013
70200,2013
70420,2013
70540,2013
70620,2013
70700,2013
71000,2013
71300,2013
72200,2013
72300,2013
72330,2013
72800,2013
73600,2013
74050,2013
74550,2013
74560,2013
74660,2013
74680,2013
79399,2013
89399,2013
10050,2014
10130,2014
10250,2014
10300,2014
10470,2014
10550,2014
10600,2014
10650,2014
10750,2014
10800,2014
10850,2014
10900,2014
10950,2014
11100,2014
11150,2014
11200,2014
11250,2014
11300,2014
11350,2014
11400,2014
11450,2014
11500,2014
11520,2014
11570,2014
11600,2014
11650,2014
11700,2014
11720,2014
11730,2014
11750,2014
11800,2014
12000,2014
12150,2014
12350,2014
12380,2014
12700,2014
12730,2014
12750,2014
12850,2014
12870,2014
12900,2014
12930,2014
12950,2014
13010,2014
13310,2014
13340,2014
13450,2014
13510,2014
13550,2014
13660,2014
13800,2014
13850,2014
13910,2014
14000,2014
14100,2014
14170,2014
14200,2014
14300,2014
14350,2014
14400,2014
14500,2014
14550,2014
14600,2014
14650,2014
14700,2014
14750,2014
14850,2014
14870,2014
14900,2014
14920,2014
14950,2014
15050,2014
15240,2014
15270,2014
15300,2014
15350,2014
15520,2014
15560,2014
15650,2014
15700,2014
15750,2014
15800,2014
15850,2014
15900,2014
15950,2014
15990,2014
16100,2014
16150,2014
16200,2014
16260,2014
16350,2014
16380,2014
16400,2014
16490,2014
16550,2014
16610,2014
16650,2014
16700,2014
16900,2014
16950,2014
17000,2014
17040,2014
17080,2014
17100,2014
17150,2014
17200,2014
17310,2014
17350,2014
17400,2014
17420,2014
17550,2014
17620,2014
17640,2014
17650,2014
17750,2014
17850,2014
17900,2014
17950,2014
18020,2014
18050,2014
18100,2014
18200,2014
18230,2014
18250,2014
18350,2014
18400,2014
18450,2014
18500,2014
18710,2014
19399,2014
20110,2014
20260,2014
20570,2014
20660,2014
20740,2014
20830,2014
20910,2014
21010,2014
21110,2014
21180,2014
21270,2014
21370,2014
21450,2014
21610,2014
21670,2014
21750,2014
21830,2014
21890,2014
22110,2014
22170,2014
22250,2014
22310,2014
22410,2014
22490,2014
22620,2014
22670,2014
22750,2014
22830,2014
22910,2014
22980,2014
23110,2014
23190,2014
23270,2014
23350,2014
23430,2014
23670,2014
23810,2014
23940,2014
24130,2014
24210,2014
24250,2014
24330,2014
24410,2014
24600,2014
24650,2014
24780,2014
24850,2014
24900,2014
24970,2014
25060,2014
25150,2014
25250,2014
25340,2014
25430,2014
25490,2014
25620,2014
25710,2014
25810,2014
25900,2014
25990,2014
26080,2014
26170,2014
26260,2014
26350,2014
26430,2014
26490,2014
26610,2014
26670,2014
26700,2014
26730,2014
26810,2014
26890,2014
26980,2014
27070,2014
27170,2014
27260,2014
27350,2014
27450,2014
27630,2014
29399,2014
30250,2014
30300,2014
30370,2014
30410,2014
30450,2014
30760,2014
30900,2014
31000,2014
31750,2014
31820,2014
31900,2014
31950,2014
32080,2014
32250,2014
32260,2014
32270,2014
32310,2014
32330,2014
32450,2014
32500,2014
32600,2014
32750,2014
32770,2014
32810,2014
33100,2014
33200,2014
33220,2014
33360,2014
33430,2014
33610,2014
33620,2014
33800,2014
33830,2014
33960,2014
33980,2014
34420,2014
34530,2014
34570,2014
34580,2014
34590,2014
34710,2014
34770,2014
34800,2014
34830,2014
34860,2014
34880,2014
35010,2014
35250,2014
35300,2014
35600,2014
35670,2014
35740,2014
35760,2014
35780,2014
35790,2014
35800,2014
36070,2014
36150,2014
36250,2014
36300,2014
36370,2014
36510,2014
36580,2014
36630,2014
36660,2014
36720,2014
36820,2014
36910,2014
36950,2014
36960,2014
37010,2014
37300,2014
37310,2014
37340,2014
37400,2014
37550,2014
37570,2014
37600,2014
40070,2014
40120,2014
40220,2014
40250,2014
40310,2014
40430,2014
40520,2014
40700,2014
40910,2014
41010,2014
41060,2014
41140,2014
41190,2014
41330,2014
41560,2014
41750,2014
41830,2014
41960,2014
42030,2014
42110,2014
42250,2014
42600,2014
42750,2014
43080,2014
43220,2014
43360,2014
43650,2014
43710,2014
43790,2014
43920,2014
44000,2014
44060,2014
44210,2014
44340,2014
44550,2014
44620,2014
44830,2014
45040,2014
45090,2014
45120,2014
45290,2014
45340,2014
45400,2014
45540,2014
45680,2014
45890,2014
46090,2014
46300,2014
46450,2014
46510,2014
46670,2014
46860,2014
46970,2014
47140,2014
47290,2014
47490,2014
47630,2014
47700,2014
47800,2014
47910,2014
47980,2014
48050,2014
48130,2014
48260,2014
48340,2014
48410,2014
48540,2014
48640,2014
48750,2014
48830,2014
49399,2014
50080,2014
50210,2014
50250,2014
50280,2014
50350,2014
50420,2014
50490,2014
50560,2014
50630,2014
50770,2014
50840,2014
50910,2014
50980,2014
51080,2014
51120,2014
51190,2014
51260,2014
51310,2014
51330,2014
51400,2014
51470,2014
51540,2014
51610,2014
51680,2014
51750,2014
51820,2014
51890,2014
51960,2014
52030,2014
52100,2014
52170,2014
52240,2014
52310,2014
52380,2014
52450,2014
52520,2014
52590,2014
52660,2014
52730,2014
52800,2014
52870,2014
52940,2014
53010,2014
53080,2014
53150,2014
53220,2014
53290,2014
53360,2014
53430,2014
53570,2014
53640,2014
53710,2014
53780,2014
53800,2014
53920,2014
53990,2014
54060,2014
54130,2014
54170,2014
54200,2014
54280,2014
54310,2014
54340,2014
54410,2014
54480,2014
54550,2014
54620,2014
54690,2014
54760,2014
54830,2014
54900,2014
54970,2014
55040,2014
55110,2014
55180,2014
55250,2014
55320,2014
55390,2014
55460,2014
55530,2014
55600,2014
55670,2014
55740,2014
55810,2014
55880,2014
55950,2014
56090,2014
56160,2014
56230,2014
56300,2014
56370,2014
56460,2014
56580,2014
56620,2014
56730,2014
56790,2014
56860,2014
56930,2014
57000,2014
57080,2014
57140,2014
57210,2014
57280,2014
57350,2014
57420,2014
57490,2014
57630,2014
57700,2014
57770,2014
57840,2014
57910,2014
57980,2014
58050,2014
58190,2014
58260,2014
58330,2014
58400,2014
58470,2014
58510,2014
58540,2014
58570,2014
58610,2014
58680,2014
58760,2014
58820,2014
58890,2014
59030,2014
59100,2014
59170,2014
59250,2014
59310,2014
59320,2014
59330,2014
59340,2014
59350,2014
59360,2014
59370,2014
60210,2014
60410,2014
60610,2014
60810,2014
61010,2014
61210,2014
61410,2014
61510,2014
61610,2014
61810,2014
62010,2014
62210,2014
62410,2014
62610,2014
62810,2014
63010,2014
63210,2014
63410,2014
63610,2014
63810,2014
64010,2014
64210,2014
64610,2014
64810,2014
65010,2014
65210,2014
65410,2014
65610,2014
65810,2014
70200,2014
70420,2014
70540,2014
70620,2014
70700,2014
71000,2014
71300,2014
72200,2014
72300,2014
72330,2014
72800,2014
73600,2014
74050,2014
74550,2014
74560,2014
74660,2014
74680,2014
79399,2014
89399,2014
10050,2015
10130,2015
10250,2015
10300,2015
10470,2015
10550,2015
10600,2015
10650,2015
10750,2015
10800,2015
10850,2015
10900,2015
10950,2015
11100,2015
11150,2015
11200,2015
11250,2015
11300,2015
11350,2015
11400,2015
11450,2015
11500,2015
11520,2015
11570,2015
11600,2015
11650,2015
11700,2015
11720,2015
11730,2015
11750,2015
11800,2015
12000,2015
12150,2015
12350,2015
12380,2015
12700,2015
12730,2015
12750,2015
12850,2015
12870,2015
12900,2015
12930,2015
12950,2015
13010,2015
13310,2015
13340,2015
13450,2015
13510,2015
13550,2015
13660,2015
13800,2015
13850,2015
13910,2015
14000,2015
14100,2015
14170,2015
14200,2015
14300,2015
14350,2015
14400,2015
14500,2015
14550,2015
14600,2015
14650,2015
14700,2015
14750,2015
14850,2015
14870,2015
14900,2015
14920,2015
14950,2015
15050,2015
15240,2015
15270,2015
15300,2015
15350,2015
15520,2015
15560,2015
15650,2015
15700,2015
15750,2015
15800,2015
15850,2015
15900,2015
15950,2015
15990,2015
16100,2015
16150,2015
16200,2015
16260,2015
16350,2015
16380,2015
16400,2015
16490,2015
16550,2015
16610,2015
16650,2015
16700,2015
16900,2015
16950,2015
17000,2015
17040,2015
17080,2015
17100,2015
17150,2015
17200,2015
17310,2015
17350,2015
17400,2015
17420,2015
17550,2015
17620,2015
17640,2015
17650,2015
17750,2015
17850,2015
17900,2015
17950,2015
18020,2015
18050,2015
18100,2015
18200,2015
18230,2015
18250,2015
18350,2015
18400,2015
18450,2015
18500,2015
18710,2015
19399,2015
20110,2015
20260,2015
20570,2015
20660,2015
20740,2015
20830,2015
20910,2015
21010,2015
21110,2015
21180,2015
21270,2015
21370,2015
21450,2015
21610,2015
21670,2015
21750,2015
21830,2015
21890,2015
22110,2015
22170,2015
22250,2015
22310,2015
22410,2015
22490,2015
22620,2015
22670,2015
22750,2015
22830,2015
22910,2015
22980,2015
23110,2015
23190,2015
23270,2015
23350,2015
23430,2015
23670,2015
23810,2015
23940,2015
24130,2015
24210,2015
24250,2015
24330,2015
24410,2015
24600,2015
24650,2015
24780,2015
24850,2015
24900,2015
24970,2015
25060,2015
25150,2015
25250,2015
25340,2015
25430,2015
25490,2015
25620,2015
25710,2015
25810,2015
25900,2015
25990,2015
26080,2015
26170,2015
26260,2015
26350,2015
26430,2015
26490,2015
26610,2015
26670,2015
26700,2015
26730,2015
26810,2015
26890,2015
26980,2015
27070,2015
27170,2015
27260,2015
27350,2015
27450,2015
27630,2015
29399,2015
30250,2015
30300,2015
30370,2015
30410,2015
30450,2015
30760,2015
30900,2015
31000,2015
31750,2015
31820,2015
31900,2015
31950,2015
32080,2015
32250,2015
32260,2015
32270,2015
32310,2015
32330,2015
32450,2015
32500,2015
32600,2015
32750,2015
32770,2015
32810,2015
33100,2015
33200,2015
33220,2015
33360,2015
33430,2015
33610,2015
33620,2015
33800,2015
33830,2015
33960,2015
33980,2015
34420,2015
34530,2015
34570,2015
34580,2015
34590,2015
34710,2015
34770,2015
34800,2015
34830,2015
34860,2015
34880,2015
35010,2015
35250,2015
35300,2015
35600,2015
35670,2015
35740,2015
35760,2015
35780,2015
35790,2015
35800,2015
36070,2015
36150,2015
36250,2015
36300,2015
36370,2015
36510,2015
36580,2015
36630,2015
36660,2015
36720,2015
36820,2015
36910,2015
36950,2015
36960,2015
37010,2015
37300,2015
37310,2015
37340,2015
37400,2015
37550,2015
37570,2015
37600,2015
40070,2015
40120,2015
40220,2015
40250,2015
40310,2015
40430,2015
40520,2015
40700,2015
40910,2015
41010,2015
41060,2015
41140,2015
41190,2015
41330,2015
41560,2015
41750,2015
41830,2015
41960,2015
42030,2015
42110,2015
42250,2015
42600,2015
42750,2015
43080,2015
43220,2015
43360,2015
43650,2015
43710,2015
43790,2015
43920,2015
44000,2015
44060,2015
44210,2015
44340,2015
44550,2015
44620,2015
44830,2015
45040,2015
45090,2015
45120,2015
45290,2015
45340,2015
45400,2015
45540,2015
45680,2015
45890,2015
46090,2015
46300,2015
46450,2015
46510,2015
46670,2015
46860,2015
46970,2015
47140,2015
47290,2015
47490,2015
47630,2015
47700,2015
47800,2015
47910,2015
47980,2015
48050,2015
48130,2015
48260,2015
48340,2015
48410,2015
48540,2015
48640,2015
48750,2015
48830,2015
49399,2015
50080,2015
50210,2015
50250,2015
50280,2015
50350,2015
50420,2015
50490,2015
50560,2015
50630,2015
50770,2015
50840,2015
50910,2015
50980,2015
51080,2015
51120,2015
51190,2015
51260,2015
51310,2015
51330,2015
51400,2015
51470,2015
51540,2015
51610,2015
51680,2015
51750,2015
51820,2015
51890,2015
51960,2015
52030,2015
52100,2015
52170,2015
52240,2015
52310,2015
52380,2015
52450,2015
52520,2015
52590,2015
52660,2015
52730,2015
52800,2015
52870,2015
52940,2015
53010,2015
53080,2015
53150,2015
53220,2015
53290,2015
53360,2015
53430,2015
53570,2015
53640,2015
53710,2015
53780,2015
53800,2015
53920,2015
53990,2015
54060,2015
54130,2015
54170,2015
54200,2015
54280,2015
54310,2015
54340,2015
54410,2015
54480,2015
54550,2015
54620,2015
54690,2015
54760,2015
54830,2015
54900,2015
54970,2015
55040,2015
55110,2015
55180,2015
55250,2015
55320,2015
55390,2015
55460,2015
55530,2015
55600,2015
55670,2015
55740,2015
55810,2015
55880,2015
55950,2015
56090,2015
56160,2015
56230,2015
56300,2015
56370,2015
56460,2015
56580,2015
56620,2015
56730,2015
56790,2015
56860,2015
56930,2015
57000,2015
57080,2015
57140,2015
57210,2015
57280,2015
57350,2015
57420,2015
57490,2015
57630,2015
57700,2015
57770,2015
57840,2015
57910,2015
57980,2015
58050,2015
58190,2015
58260,2015
58330,2015
58400,2015
58470,2015
58510,2015
58540,2015
58570,2015
58610,2015
58680,2015
58760,2015
58820,2015
58890,2015
59030,2015
59100,2015
59170,2015
59250,2015
59310,2015
59320,2015
59330,2015
59340,2015
59350,2015
59360,2015
59370,2015
60210,2015
60410,2015
60610,2015
60810,2015
61010,2015
61210,2015
61410,2015
61510,2015
61610,2015
61810,2015
62010,2015
62210,2015
62410,2015
62610,2015
62810,2015
63010,2015
63210,2015
63410,2015
63610,2015
63810,2015
64010,2015
64210,2015
64610,2015
64810,2015
65010,2015
65210,2015
65410,2015
65610,2015
65810,2015
70200,2015
70420,2015
70540,2015
70620,2015
70700,2015
71000,2015
71300,2015
72200,2015
72300,2015
72330,2015
72800,2015
73600,2015
74050,2015
74550,2015
74560,2015
74660,2015
74680,2015
79399,2015
89399,2015
10050,2016
10130,2016
10250,2016
10300,2016
10470,2016
10550,2016
10600,2016
10650,2016
10750,2016
10800,2016
10850,2016
10900,2016
10950,2016
11100,2016
11150,2016
11200,2016
11250,2016
11300,2016
11350,2016
11400,2016
11450,2016
11500,2016
11520,2016
11570,2016
11600,2016
11650,2016
11700,2016
11720,2016
11730,2016
11750,2016
11800,2016
12000,2016
12150,2016
12350,2016
12380,2016
12700,2016
12730,2016
12750,2016
12850,2016
12870,2016
12900,2016
12930,2016
12950,2016
13010,2016
13310,2016
13340,2016
13450,2016
13510,2016
13550,2016
13660,2016
13800,2016
13850,2016
13910,2016
14000,2016
14100,2016
14170,2016
14200,2016
14300,2016
14350,2016
14400,2016
14500,2016
14550,2016
14600,2016
14650,2016
14700,2016
14750,2016
14850,2016
14870,2016
14900,2016
14920,2016
14950,2016
15050,2016
15240,2016
15270,2016
15300,2016
15350,2016
15520,2016
15560,2016
15650,2016
15700,2016
15750,2016
15800,2016
15850,2016
15900,2016
15950,2016
15990,2016
16100,2016
16150,2016
16200,2016
16260,2016
16350,2016
16380,2016
16400,2016
16490,2016
16550,2016
16610,2016
16650,2016
16700,2016
16900,2016
16950,2016
17000,2016
17040,2016
17080,2016
17100,2016
17150,2016
17200,2016
17310,2016
17350,2016
17400,2016
17420,2016
17550,2016
17620,2016
17640,2016
17650,2016
17750,2016
17850,2016
17900,2016
17950,2016
18020,2016
18050,2016
18100,2016
18200,2016
18230,2016
18250,2016
18350,2016
18400,2016
18450,2016
18500,2016
18710,2016
19399,2016
20110,2016
20260,2016
20570,2016
20660,2016
20740,2016
20830,2016
20910,2016
21010,2016
21110,2016
21180,2016
21270,2016
21370,2016
21450,2016
21610,2016
21670,2016
21750,2016
21830,2016
21890,2016
22110,2016
22170,2016
22250,2016
22310,2016
22410,2016
22490,2016
22620,2016
22670,2016
22750,2016
22830,2016
22910,2016
22980,2016
23110,2016
23190,2016
23270,2016
23350,2016
23430,2016
23670,2016
23810,2016
23940,2016
24130,2016
24210,2016
24250,2016
24330,2016
24410,2016
24600,2016
24650,2016
24780,2016
24850,2016
24900,2016
24970,2016
25060,2016
25150,2016
25250,2016
25340,2016
25430,2016
25490,2016
25620,2016
25710,2016
25810,2016
25900,2016
25990,2016
26080,2016
26170,2016
26260,2016
26350,2016
26430,2016
26490,2016
26610,2016
26670,2016
26700,2016
26730,2016
26810,2016
26890,2016
26980,2016
27070,2016
27170,2016
27260,2016
27350,2016
27450,2016
27630,2016
29399,2016
30250,2016
30300,2016
30370,2016
30410,2016
30450,2016
30760,2016
30900,2016
31000,2016
31750,2016
31820,2016
31900,2016
31950,2016
32080,2016
32250,2016
32260,2016
32270,2016
32310,2016
32330,2016
32450,2016
32500,2016
32600,2016
32750,2016
32770,2016
32810,2016
33100,2016
33200,2016
33220,2016
33360,2016
33430,2016
33610,2016
33620,2016
33800,2016
33830,2016
33960,2016
33980,2016
34420,2016
34530,2016
34570,2016
34580,2016
34590,2016
34710,2016
34770,2016
34800,2016
34830,2016
34860,2016
34880,2016
35010,2016
35250,2016
35300,2016
35600,2016
35670,2016
35740,2016
35760,2016
35780,2016
35790,2016
35800,2016
36070,2016
36150,2016
36250,2016
36300,2016
36370,2016
36510,2016
36580,2016
36630,2016
36660,2016
36720,2016
36820,2016
36910,2016
36950,2016
36960,2016
37010,2016
37300,2016
37310,2016
37340,2016
37400,2016
37550,2016
37570,2016
37600,2016
40070,2016
40120,2016
40220,2016
40250,2016
40310,2016
40430,2016
40520,2016
40700,2016
40910,2016
41010,2016
41060,2016
41140,2016
41190,2016
41330,2016
41560,2016
41750,2016
41830,2016
41960,2016
42030,2016
42110,2016
42250,2016
42600,2016
42750,2016
43080,2016
43220,2016
43360,2016
43650,2016
43710,2016
43790,2016
43920,2016
44000,2016
44060,2016
44210,2016
44340,2016
44550,2016
44620,2016
44830,2016
45040,2016
45090,2016
45120,2016
45290,2016
45340,2016
45400,2016
45540,2016
45680,2016
45890,2016
46090,2016
46300,2016
46450,2016
46510,2016
46670,2016
46860,2016
46970,2016
47140,2016
47290,2016
47490,2016
47630,2016
47700,2016
47800,2016
47910,2016
47980,2016
48050,2016
48130,2016
48260,2016
48340,2016
48410,2016
48540,2016
48640,2016
48750,2016
48830,2016
49399,2016
50080,2016
50210,2016
50250,2016
50280,2016
50350,2016
50420,2016
50490,2016
50560,2016
50630,2016
50770,2016
50840,2016
50910,2016
50980,2016
51080,2016
51120,2016
51190,2016
51260,2016
51310,2016
51330,2016
51400,2016
51470,2016
51540,2016
51610,2016
51680,2016
51750,2016
51820,2016
51890,2016
51960,2016
52030,2016
52100,2016
52170,2016
52240,2016
52310,2016
52380,2016
52450,2016
52520,2016
52590,2016
52660,2016
52730,2016
52800,2016
52870,2016
52940,2016
53010,2016
53080,2016
53150,2016
53220,2016
53290,2016
53360,2016
53430,2016
53570,2016
53640,2016
53710,2016
53780,2016
53800,2016
53920,2016
53990,2016
54060,2016
54130,2016
54170,2016
54200,2016
54280,2016
54310,2016
54340,2016
54410,2016
54480,2016
54550,2016
54620,2016
54690,2016
54760,2016
54830,2016
54900,2016
54970,2016
55040,2016
55110,2016
55180,2016
55250,2016
55320,2016
55390,2016
55460,2016
55530,2016
55600,2016
55670,2016
55740,2016
55810,2016
55880,2016
55950,2016
56090,2016
56160,2016
56230,2016
56300,2016
56370,2016
56460,2016
56580,2016
56620,2016
56730,2016
56790,2016
56860,2016
56930,2016
57000,2016
57080,2016
57140,2016
57210,2016
57280,2016
57350,2016
57420,2016
57490,2016
57630,2016
57700,2016
57770,2016
57840,2016
57910,2016
57980,2016
58050,2016
58190,2016
58260,2016
58330,2016
58400,2016
58470,2016
58510,2016
58540,2016
58570,2016
58610,2016
58680,2016
58760,2016
58820,2016
58890,2016
59030,2016
59100,2016
59170,2016
59250,2016
59310,2016
59320,2016
59330,2016
59340,2016
59350,2016
59360,2016
59370,2016
60210,2016
60410,2016
60610,2016
60810,2016
61010,2016
61210,2016
61410,2016
61510,2016
61610,2016
61810,2016
62010,2016
62210,2016
62410,2016
62610,2016
62810,2016
63010,2016
63210,2016
63410,2016
63610,2016
63810,2016
64010,2016
64210,2016
64610,2016
64810,2016
65010,2016
65210,2016
65410,2016
65610,2016
65810,2016
70200,2016
70420,2016
70540,2016
70620,2016
70700,2016
71000,2016
71300,2016
72200,2016
72300,2016
72330,2016
72800,2016
73600,2016
74050,2016
74550,2016
74560,2016
74660,2016
74680,2016
79399,2016
89399,2016
10050,2017
10130,2017
10250,2017
10300,2017
10470,2017
10550,2017
10600,2017
10650,2017
10750,2017
10800,2017
10850,2017
10900,2017
10950,2017
11100,2017
11150,2017
11200,2017
11250,2017
11300,2017
11350,2017
11400,2017
11450,2017
11500,2017
11520,2017
11570,2017
11600,2017
11650,2017
11700,2017
11720,2017
11730,2017
11750,2017
11800,2017
12000,2017
12150,2017
12350,2017
12380,2017
12700,2017
12730,2017
12750,2017
12850,2017
12870,2017
12900,2017
12930,2017
12950,2017
13010,2017
13310,2017
13340,2017
13450,2017
13510,2017
13550,2017
13660,2017
13800,2017
13850,2017
13910,2017
14000,2017
14100,2017
14170,2017
14200,2017
14300,2017
14350,2017
14400,2017
14500,2017
14550,2017
14600,2017
14650,2017
14700,2017
14750,2017
14850,2017
14870,2017
14900,2017
14920,2017
14950,2017
15050,2017
15240,2017
15270,2017
15300,2017
15350,2017
15520,2017
15560,2017
15650,2017
15700,2017
15750,2017
15800,2017
15850,2017
15900,2017
15950,2017
15990,2017
16100,2017
16150,2017
16200,2017
16260,2017
16350,2017
16380,2017
16400,2017
16490,2017
16550,2017
16610,2017
16650,2017
16700,2017
16900,2017
16950,2017
17000,2017
17040,2017
17080,2017
17100,2017
17150,2017
17200,2017
17310,2017
17350,2017
17400,2017
17420,2017
17550,2017
17620,2017
17640,2017
17650,2017
17750,2017
17850,2017
17900,2017
17950,2017
18020,2017
18050,2017
18100,2017
18200,2017
18230,2017
18250,2017
18350,2017
18400,2017
18450,2017
18500,2017
18710,2017
19399,2017
20110,2017
20260,2017
20570,2017
20660,2017
20740,2017
20830,2017
20910,2017
21010,2017
21110,2017
21180,2017
21270,2017
21370,2017
21450,2017
21610,2017
21670,2017
21750,2017
21830,2017
21890,2017
22110,2017
22170,2017
22250,2017
22310,2017
22410,2017
22490,2017
22620,2017
22670,2017
22750,2017
22830,2017
22910,2017
22980,2017
23110,2017
23190,2017
23270,2017
23350,2017
23430,2017
23670,2017
23810,2017
23940,2017
24130,2017
24210,2017
24250,2017
24330,2017
24410,2017
24600,2017
24650,2017
24780,2017
24850,2017
24900,2017
24970,2017
25060,2017
25150,2017
25250,2017
25340,2017
25430,2017
25490,2017
25620,2017
25710,2017
25810,2017
25900,2017
25990,2017
26080,2017
26170,2017
26260,2017
26350,2017
26430,2017
26490,2017
26610,2017
26670,2017
26700,2017
26730,2017
26810,2017
26890,2017
26980,2017
27070,2017
27170,2017
27260,2017
27350,2017
27450,2017
27630,2017
29399,2017
30250,2017
30300,2017
30370,2017
30410,2017
30450,2017
30760,2017
30900,2017
31000,2017
31750,2017
31820,2017
31900,2017
31950,2017
32080,2017
32250,2017
32260,2017
32270,2017
32310,2017
32330,2017
32450,2017
32500,2017
32600,2017
32750,2017
32770,2017
32810,2017
33100,2017
33200,2017
33220,2017
33360,2017
33430,2017
33610,2017
33620,2017
33800,2017
33830,2017
33960,2017
33980,2017
34420,2017
34530,2017
34570,2017
34580,2017
34590,2017
34710,2017
34770,2017
34800,2017
34830,2017
34860,2017
34880,2017
35010,2017
35250,2017
35300,2017
35600,2017
35670,2017
35740,2017
35760,2017
35780,2017
35790,2017
35800,2017
36070,2017
36150,2017
36250,2017
36300,2017
36370,2017
36510,2017
36580,2017
36630,2017
36660,2017
36720,2017
36820,2017
36910,2017
36950,2017
36960,2017
37010,2017
37300,2017
37310,2017
37340,2017
37400,2017
37550,2017
37570,2017
37600,2017
40070,2017
40120,2017
40220,2017
40250,2017
40310,2017
40430,2017
40520,2017
40700,2017
40910,2017
41010,2017
41060,2017
41140,2017
41190,2017
41330,2017
41560,2017
41750,2017
41830,2017
41960,2017
42030,2017
42110,2017
42250,2017
42600,2017
42750,2017
43080,2017
43220,2017
43360,2017
43650,2017
43710,2017
43790,2017
43920,2017
44000,2017
44060,2017
44210,2017
44340,2017
44550,2017
44620,2017
44830,2017
45040,2017
45090,2017
45120,2017
45290,2017
45340,2017
45400,2017
45540,2017
45680,2017
45890,2017
46090,2017
46300,2017
46450,2017
46510,2017
46670,2017
46860,2017
46970,2017
47140,2017
47290,2017
47490,2017
47630,2017
47700,2017
47800,2017
47910,2017
47980,2017
48050,2017
48130,2017
48260,2017
48340,2017
48410,2017
48540,2017
48640,2017
48750,2017
48830,2017
49399,2017
50080,2017
50210,2017
50250,2017
50280,2017
50350,2017
50420,2017
50490,2017
50560,2017
50630,2017
50770,2017
50840,2017
50910,2017
50980,2017
51080,2017
51120,2017
51190,2017
51260,2017
51310,2017
51330,2017
51400,2017
51470,2017
51540,2017
51610,2017
51680,2017
51750,2017
51820,2017
51890,2017
51960,2017
52030,2017
52100,2017
52170,2017
52240,2017
52310,2017
52380,2017
52450,2017
52520,2017
52590,2017
52660,2017
52730,2017
52800,2017
52870,2017
52940,2017
53010,2017
53080,2017
53150,2017
53220,2017
53290,2017
53360,2017
53430,2017
53570,2017
53640,2017
53710,2017
53780,2017
53800,2017
53920,2017
53990,2017
54060,2017
54130,2017
54170,2017
54200,2017
54280,2017
54310,2017
54340,2017
54410,2017
54480,2017
54550,2017
54620,2017
54690,2017
54760,2017
54830,2017
54900,2017
54970,2017
55040,2017
55110,2017
55180,2017
55250,2017
55320,2017
55390,2017
55460,2017
55530,2017
55600,2017
55670,2017
55740,2017
55810,2017
55880,2017
55950,2017
56090,2017
56160,2017
56230,2017
56300,2017
56370,2017
56460,2017
56580,2017
56620,2017
56730,2017
56790,2017
56860,2017
56930,2017
57000,2017
57080,2017
57140,2017
57210,2017
57280,2017
57350,2017
57420,2017
57490,2017
57630,2017
57700,2017
57770,2017
57840,2017
57910,2017
57980,2017
58050,2017
58190,2017
58260,2017
58330,2017
58400,2017
58470,2017
58510,2017
58540,2017
58570,2017
58610,2017
58680,2017
58760,2017
58820,2017
58890,2017
59030,2017
59100,2017
59170,2017
59250,2017
59310,2017
59320,2017
59330,2017
59340,2017
59350,2017
59360,2017
59370,2017
60210,2017
60410,2017
60610,2017
60810,2017
61010,2017
61210,2017
61410,2017
61510,2017
61610,2017
61810,2017
62010,2017
62210,2017
62410,2017
62610,2017
62810,2017
63010,2017
63210,2017
63410,2017
63610,2017
63810,2017
64010,2017
64210,2017
64610,2017
64810,2017
65010,2017
65210,2017
65410,2017
65610,2017
65810,2017
70200,2017
70420,2017
70540,2017
70620,2017
70700,2017
71000,2017
71300,2017
72200,2017
72300,2017
72330,2017
72800,2017
73600,2017
74050,2017
74550,2017
74560,2017
74660,2017
74680,2017
79399,2017
89399,2017
10050,2018
10130,2018
10250,2018
10300,2018
10470,2018
10550,2018
10600,2018
10650,2018
10750,2018
10800,2018
10850,2018
10900,2018
10950,2018
11100,2018
11150,2018
11200,2018
11250,2018
11300,2018
11350,2018
11400,2018
11450,2018
11500,2018
11520,2018
11570,2018
11600,2018
11650,2018
11700,2018
11720,2018
11730,2018
11750,2018
11800,2018
12000,2018
12150,2018
12350,2018
12380,2018
12700,2018
12730,2018
12750,2018
12850,2018
12870,2018
12900,2018
12930,2018
12950,2018
13010,2018
13310,2018
13340,2018
13450,2018
13510,2018
13550,2018
13660,2018
13800,2018
13850,2018
13910,2018
14000,2018
14100,2018
14170,2018
14200,2018
14300,2018
14350,2018
14400,2018
14500,2018
14550,2018
14600,2018
14650,2018
14700,2018
14750,2018
14850,2018
14870,2018
14900,2018
14920,2018
14950,2018
15050,2018
15240,2018
15270,2018
15300,2018
15350,2018
15520,2018
15560,2018
15650,2018
15700,2018
15750,2018
15800,2018
15850,2018
15900,2018
15950,2018
15990,2018
16100,2018
16150,2018
16200,2018
16260,2018
16350,2018
16380,2018
16400,2018
16490,2018
16550,2018
16610,2018
16650,2018
16700,2018
16900,2018
16950,2018
17000,2018
17040,2018
17080,2018
17100,2018
17150,2018
17200,2018
17310,2018
17350,2018
17400,2018
17420,2018
17550,2018
17620,2018
17640,2018
17650,2018
17750,2018
17850,2018
17900,2018
17950,2018
18020,2018
18050,2018
18100,2018
18200,2018
18230,2018
18250,2018
18350,2018
18400,2018
18450,2018
18500,2018
18710,2018
19399,2018
20110,2018
20260,2018
20570,2018
20660,2018
20740,2018
20830,2018
20910,2018
21010,2018
21110,2018
21180,2018
21270,2018
21370,2018
21450,2018
21610,2018
21670,2018
21750,2018
21830,2018
21890,2018
22110,2018
22170,2018
22250,2018
22310,2018
22410,2018
22490,2018
22620,2018
22670,2018
22750,2018
22830,2018
22910,2018
22980,2018
23110,2018
23190,2018
23270,2018
23350,2018
23430,2018
23670,2018
23810,2018
23940,2018
24130,2018
24210,2018
24250,2018
24330,2018
24410,2018
24600,2018
24650,2018
24780,2018
24850,2018
24900,2018
24970,2018
25060,2018
25150,2018
25250,2018
25340,2018
25430,2018
25490,2018
25620,2018
25710,2018
25810,2018
25900,2018
25990,2018
26080,2018
26170,2018
26260,2018
26350,2018
26430,2018
26490,2018
26610,2018
26670,2018
26700,2018
26730,2018
26810,2018
26890,2018
26980,2018
27070,2018
27170,2018
27260,2018
27350,2018
27450,2018
27630,2018
29399,2018
30250,2018
30300,2018
30370,2018
30410,2018
30450,2018
30760,2018
30900,2018
31000,2018
31750,2018
31820,2018
31900,2018
31950,2018
32080,2018
32250,2018
32260,2018
32270,2018
32310,2018
32330,2018
32450,2018
32500,2018
32600,2018
32750,2018
32770,2018
32810,2018
33100,2018
33200,2018
33220,2018
33360,2018
33430,2018
33610,2018
33620,2018
33800,2018
33830,2018
33960,2018
33980,2018
34420,2018
34530,2018
34570,2018
34580,2018
34590,2018
34710,2018
34770,2018
34800,2018
34830,2018
34860,2018
34880,2018
35010,2018
35250,2018
35300,2018
35600,2018
35670,2018
35740,2018
35760,2018
35780,2018
35790,2018
35800,2018
36070,2018
36150,2018
36250,2018
36300,2018
36370,2018
36510,2018
36580,2018
36630,2018
36660,2018
36720,2018
36820,2018
36910,2018
36950,2018
36960,2018
37010,2018
37300,2018
37310,2018
37340,2018
37400,2018
37550,2018
37570,2018
37600,2018
40070,2018
40120,2018
40220,2018
40250,2018
40310,2018
40430,2018
40520,2018
40700,2018
40910,2018
41010,2018
41060,2018
41140,2018
41190,2018
41330,2018
41560,2018
41750,2018
41830,2018
41960,2018
42030,2018
42110,2018
42250,2018
42600,2018
42750,2018
43080,2018
43220,2018
43360,2018
43650,2018
43710,2018
43790,2018
43920,2018
44000,2018
44060,2018
44210,2018
44340,2018
44550,2018
44620,2018
44830,2018
45040,2018
45090,2018
45120,2018
45290,2018
45340,2018
45400,2018
45540,2018
45680,2018
45890,2018
46090,2018
46300,2018
46450,2018
46510,2018
46670,2018
46860,2018
46970,2018
47140,2018
47290,2018
47490,2018
47630,2018
47700,2018
47800,2018
47910,2018
47980,2018
48050,2018
48130,2018
48260,2018
48340,2018
48410,2018
48540,2018
48640,2018
48750,2018
48830,2018
49399,2018
50080,2018
50210,2018
50250,2018
50280,2018
50350,2018
50420,2018
50490,2018
50560,2018
50630,2018
50770,2018
50840,2018
50910,2018
50980,2018
51080,2018
51120,2018
51190,2018
51260,2018
51310,2018
51330,2018
51400,2018
51470,2018
51540,2018
51610,2018
51680,2018
51750,2018
51820,2018
51890,2018
51960,2018
52030,2018
52100,2018
52170,2018
52240,2018
52310,2018
52380,2018
52450,2018
52520,2018
52590,2018
52660,2018
52730,2018
52800,2018
52870,2018
52940,2018
53010,2018
53080,2018
53150,2018
53220,2018
53290,2018
53360,2018
53430,2018
53570,2018
53640,2018
53710,2018
53780,2018
53800,2018
53920,2018
53990,2018
54060,2018
54130,2018
54170,2018
54200,2018
54280,2018
54310,2018
54340,2018
54410,2018
54480,2018
54550,2018
54620,2018
54690,2018
54760,2018
54830,2018
54900,2018
54970,2018
55040,2018
55110,2018
55180,2018
55250,2018
55320,2018
55390,2018
55460,2018
55530,2018
55600,2018
55670,2018
55740,2018
55810,2018
55880,2018
55950,2018
56090,2018
56160,2018
56230,2018
56300,2018
56370,2018
56460,2018
56580,2018
56620,2018
56730,2018
56790,2018
56860,2018
56930,2018
57000,2018
57080,2018
57140,2018
57210,2018
57280,2018
57350,2018
57420,2018
57490,2018
57630,2018
57700,2018
57770,2018
57840,2018
57910,2018
57980,2018
58050,2018
58190,2018
58260,2018
58330,2018
58400,2018
58470,2018
58510,2018
58540,2018
58570,2018
58610,2018
58680,2018
58760,2018
58820,2018
58890,2018
59030,2018
59100,2018
59170,2018
59250,2018
59310,2018
59320,2018
59330,2018
59340,2018
59350,2018
59360,2018
59370,2018
60210,2018
60410,2018
60610,2018
60810,2018
61010,2018
61210,2018
61410,2018
61510,2018
61610,2018
61810,2018
62010,2018
62210,2018
62410,2018
62610,2018
62810,2018
63010,2018
63210,2018
63410,2018
63610,2018
63810,2018
64010,2018
64210,2018
64610,2018
64810,2018
65010,2018
65210,2018
65410,2018
65610,2018
65810,2018
70200,2018
70420,2018
70540,2018
70620,2018
70700,2018
71000,2018
71300,2018
72200,2018
72300,2018
72330,2018
72800,2018
73600,2018
74050,2018
74550,2018
74560,2018
74660,2018
74680,2018
79399,2018
89399,2018
10050,2019
10130,2019
10250,2019
10300,2019
10470,2019
10550,2019
10600,2019
10650,2019
10750,2019
10800,2019
10850,2019
10900,2019
10950,2019
11100,2019
11150,2019
11200,2019
11250,2019
11300,2019
11350,2019
11400,2019
11450,2019
11500,2019
11520,2019
11570,2019
11600,2019
11650,2019
11700,2019
11720,2019
11730,2019
11750,2019
11800,2019
12000,2019
12150,2019
12350,2019
12380,2019
12700,2019
12730,2019
12750,2019
12850,2019
12870,2019
12900,2019
12930,2019
12950,2019
13010,2019
13310,2019
13340,2019
13450,2019
13510,2019
13550,2019
13660,2019
13800,2019
13850,2019
13910,2019
14000,2019
14100,2019
14170,2019
14200,2019
14300,2019
14350,2019
14400,2019
14500,2019
14550,2019
14600,2019
14650,2019
14700,2019
14750,2019
14850,2019
14870,2019
14900,2019
14920,2019
14950,2019
15050,2019
15240,2019
15270,2019
15300,2019
15350,2019
15520,2019
15560,2019
15650,2019
15700,2019
15750,2019
15800,2019
15850,2019
15900,2019
15950,2019
15990,2019
16100,2019
16150,2019
16200,2019
16260,2019
16350,2019
16380,2019
16400,2019
16490,2019
16550,2019
16610,2019
16650,2019
16700,2019
16900,2019
16950,2019
17000,2019
17040,2019
17080,2019
17100,2019
17150,2019
17200,2019
17310,2019
17350,2019
17400,2019
17420,2019
17550,2019
17620,2019
17640,2019
17650,2019
17750,2019
17850,2019
17900,2019
17950,2019
18020,2019
18050,2019
18100,2019
18200,2019
18230,2019
18250,2019
18350,2019
18400,2019
18450,2019
18500,2019
18710,2019
19399,2019
20110,2019
20260,2019
20570,2019
20660,2019
20740,2019
20830,2019
20910,2019
21010,2019
21110,2019
21180,2019
21270,2019
21370,2019
21450,2019
21610,2019
21670,2019
21750,2019
21830,2019
21890,2019
22110,2019
22170,2019
22250,2019
22310,2019
22410,2019
22490,2019
22620,2019
22670,2019
22750,2019
22830,2019
22910,2019
22980,2019
23110,2019
23190,2019
23270,2019
23350,2019
23430,2019
23670,2019
23810,2019
23940,2019
24130,2019
24210,2019
24250,2019
24330,2019
24410,2019
24600,2019
24650,2019
24780,2019
24850,2019
24900,2019
24970,2019
25060,2019
25150,2019
25250,2019
25340,2019
25430,2019
25490,2019
25620,2019
25710,2019
25810,2019
25900,2019
25990,2019
26080,2019
26170,2019
26260,2019
26350,2019
26430,2019
26490,2019
26610,2019
26670,2019
26700,2019
26730,2019
26810,2019
26890,2019
26980,2019
27070,2019
27170,2019
27260,2019
27350,2019
27450,2019
27630,2019
29399,2019
30250,2019
30300,2019
30370,2019
30410,2019
30450,2019
30760,2019
30900,2019
31000,2019
31750,2019
31820,2019
31900,2019
31950,2019
32080,2019
32250,2019
32260,2019
32270,2019
32310,2019
32330,2019
32450,2019
32500,2019
32600,2019
32750,2019
32770,2019
32810,2019
33100,2019
33200,2019
33220,2019
33360,2019
33430,2019
33610,2019
33620,2019
33800,2019
33830,2019
33960,2019
33980,2019
34420,2019
34530,2019
34570,2019
34580,2019
34590,2019
34710,2019
34770,2019
34800,2019
34830,2019
34860,2019
34880,2019
35010,2019
35250,2019
35300,2019
35600,2019
35670,2019
35740,2019
35760,2019
35780,2019
35790,2019
35800,2019
36070,2019
36150,2019
36250,2019
36300,2019
36370,2019
36510,2019
36580,2019
36630,2019
36660,2019
36720,2019
36820,2019
36910,2019
36950,2019
36960,2019
37010,2019
37300,2019
37310,2019
37340,2019
37400,2019
37550,2019
37570,2019
37600,2019
40070,2019
40120,2019
40220,2019
40250,2019
40310,2019
40430,2019
40520,2019
40700,2019
40910,2019
41010,2019
41060,2019
41140,2019
41190,2019
41330,2019
41560,2019
41750,2019
41830,2019
41960,2019
42030,2019
42110,2019
42250,2019
42600,2019
42750,2019
43080,2019
43220,2019
43360,2019
43650,2019
43710,2019
43790,2019
43920,2019
44000,2019
44060,2019
44210,2019
44340,2019
44550,2019
44620,2019
44830,2019
45040,2019
45090,2019
45120,2019
45290,2019
45340,2019
45400,2019
45540,2019
45680,2019
45890,2019
46090,2019
46300,2019
46450,2019
46510,2019
46670,2019
46860,2019
46970,2019
47140,2019
47290,2019
47490,2019
47630,2019
47700,2019
47800,2019
47910,2019
47980,2019
48050,2019
48130,2019
48260,2019
48340,2019
48410,2019
48540,2019
48640,2019
48750,2019
48830,2019
49399,2019
50080,2019
50210,2019
50250,2019
50280,2019
50350,2019
50420,2019
50490,2019
50560,2019
50630,2019
50770,2019
50840,2019
50910,2019
50980,2019
51080,2019
51120,2019
51190,2019
51260,2019
51310,2019
51330,2019
51400,2019
51470,2019
51540,2019
51610,2019
51680,2019
51750,2019
51820,2019
51890,2019
51960,2019
52030,2019
52100,2019
52170,2019
52240,2019
52310,2019
52380,2019
52450,2019
52520,2019
52590,2019
52660,2019
52730,2019
52800,2019
52870,2019
52940,2019
53010,2019
53080,2019
53150,2019
53220,2019
53290,2019
53360,2019
53430,2019
53570,2019
53640,2019
53710,2019
53780,2019
53800,2019
53920,2019
53990,2019
54060,2019
54130,2019
54170,2019
54200,2019
54280,2019
54310,2019
54340,2019
54410,2019
54480,2019
54550,2019
54620,2019
54690,2019
54760,2019
54830,2019
54900,2019
54970,2019
55040,2019
55110,2019
55180,2019
55250,2019
55320,2019
55390,2019
55460,2019
55530,2019
55600,2019
55670,2019
55740,2019
55810,2019
55880,2019
55950,2019
56090,2019
56160,2019
56230,2019
56300,2019
56370,2019
56460,2019
56580,2019
56620,2019
56730,2019
56790,2019
56860,2019
56930,2019
57000,2019
57080,2019
57140,2019
57210,2019
57280,2019
57350,2019
57420,2019
57490,2019
57630,2019
57700,2019
57770,2019
57840,2019
57910,2019
57980,2019
58050,2019
58190,2019
58260,2019
58330,2019
58400,2019
58470,2019
58510,2019
58540,2019
58570,2019
58610,2019
58680,2019
58760,2019
58820,2019
58890,2019
59030,2019
59100,2019
59170,2019
59250,2019
59310,2019
59320,2019
59330,2019
59340,2019
59350,2019
59360,2019
59370,2019
60210,2019
60410,2019
60610,2019
60810,2019
61010,2019
61210,2019
61410,2019
61510,2019
61610,2019
61810,2019
62010,2019
62210,2019
62410,2019
62610,2019
62810,2019
63010,2019
63210,2019
63410,2019
63610,2019
63810,2019
64010,2019
64210,2019
64610,2019
64810,2019
65010,2019
65210,2019
65410,2019
65610,2019
65810,2019
70200,2019
70420,2019
70540,2019
70620,2019
70700,2019
71000,2019
71300,2019
72200,2019
72300,2019
72330,2019
72800,2019
73600,2019
74050,2019
74550,2019
74560,2019
74660,2019
74680,2019
79399,2019
89399,2019
